{
    "_comment": "DO NOT EDIT: FILE GENERATED AUTOMATICALLY BY PTERODACTYL PANEL - PTERODACTYL.IO",
    "meta": {
        "version": "PTDL_v2",
        "update_url": null
    },
    "exported_at": "2023-08-11T21:40:04+02:00",
    "name": "PixARK",
    "author": "hello@venatus.digital",
    "description": "A simple Docker container with Wine to run PixARK using Pterodactyl Panel",
    "features": [
        "steam_disk_space"
    ],
    "docker_images": {
        "ghcr.io\/parkervcp\/yolks:wine_devel": "ghcr.io\/parkervcp\/yolks:wine_devel"
    },
    "file_denylist": [],
    "startup": "wine64 .\/ShooterGame\/Binaries\/Win64\/PixARKServer.exe \"CubeWorld_Light?listen?DelayRegisterServer=True?bRawSockets=True?SessionName=\"{{SRV_NAME}}\"?AltSaveDirectoryName=PteroPixArk?ServerPassword={{ARK_PASSWORD}}?ServerAdminPassword={{ARK_ADMIN_PASSWORD}}?MaxPlayers={{MAX_PLAYERS}}?RCONEnabled=True?RCONPort={{RCPORT}}\" -Seed=12345 -OreSeed=1234 -ConfigsUseAltDir -server -gameplaylogging -log -CULTUREFORCOOKING=en -NoBattlEye -QueryPort={{QPORT}} -Port={{SERVER_PORT}} -CubePort={{CUBEPORT}} -cubeworld={{SRV_NAME}} -nosteamclient -NoHangDetection",
    "config": {
        "files": "{}",
        "startup": "{\r\n    \"done\": \"Full Startup:\"\r\n}",
        "logs": "{}",
        "stop": "^^C"
    },
    "scripts": {
        "installation": {
            "script": "#!\/bin\/bash\r\n# steamcmd Base Installation Script\r\n#\r\n# Server Files: \/mnt\/server\r\n# Image to install with is 'ghcr.io\/parkervcp\/installers:debian'\r\n\r\n##\r\n#\r\n# Variables\r\n# STEAM_USER, STEAM_PASS, STEAM_AUTH - Steam user setup. If a user has 2fa enabled it will most likely fail due to timeout. Leave blank for anon install.\r\n# WINDOWS_INSTALL - if it's a windows server you want to install set to 1\r\n# SRCDS_APPID - steam app id found here - https:\/\/developer.valvesoftware.com\/wiki\/Dedicated_Servers_List\r\n# SRCDS_BETAID - beta branch of a steam app. Leave blank to install normal branch\r\n# SRCDS_BETAPASS - password for a beta branch should one be required during private or closed testing phases.. Leave blank for no password.\r\n# INSTALL_FLAGS - Any additional SteamCMD  flags to pass during install.. Keep in mind that steamcmd auto update process in the docker image might overwrite or ignore these when it performs update on server boot.\r\n# AUTO_UPDATE - Adding this variable to the egg allows disabling or enabling automated updates on boot. Boolean value. 0 to disable and 1 to enable.\r\n#\r\n ##\r\n\r\n# Install packages. Default packages below are not required if using our existing install image thus speeding up the install process.\r\n#apt -y update\r\n#apt -y --no-install-recommends install curl lib32gcc-s1 ca-certificates\r\n\r\n## just in case someone removed the defaults.\r\nif [[ \"${STEAM_USER}\" == \"\" ]] || [[ \"${STEAM_PASS}\" == \"\" ]]; then\r\n    echo -e \"steam user is not set.\\n\"\r\n    echo -e \"Using anonymous user.\\n\"\r\n    STEAM_USER=anonymous\r\n    STEAM_PASS=\"\"\r\n    STEAM_AUTH=\"\"\r\nelse\r\n    echo -e \"user set to ${STEAM_USER}\"\r\nfi\r\n\r\n## download and install steamcmd\r\ncd \/tmp\r\nmkdir -p \/mnt\/server\/steamcmd\r\ncurl -sSL -o steamcmd.tar.gz https:\/\/steamcdn-a.akamaihd.net\/client\/installer\/steamcmd_linux.tar.gz\r\ntar -xzvf steamcmd.tar.gz -C \/mnt\/server\/steamcmd\r\nmkdir -p \/mnt\/server\/steamapps # Fix steamcmd disk write error when this folder is missing\r\ncd \/mnt\/server\/steamcmd\r\n\r\n# SteamCMD fails otherwise for some reason, even running as root.\r\n# This is changed at the end of the install process anyways.\r\nchown -R root:root \/mnt\r\nexport HOME=\/mnt\/server\r\n\r\n## install game using steamcmd\r\n.\/steamcmd.sh +force_install_dir \/mnt\/server +login ${STEAM_USER} ${STEAM_PASS} ${STEAM_AUTH} $( [[ \"${WINDOWS_INSTALL}\" == \"1\" ]] && printf %s '+@sSteamCmdForcePlatformType windows' ) +app_update 1007 +app_update ${SRCDS_APPID} $( [[ -z ${SRCDS_BETAID} ]] || printf %s \"-beta ${SRCDS_BETAID}\" ) $( [[ -z ${SRCDS_BETAPASS} ]] || printf %s \"-betapassword ${SRCDS_BETAPASS}\" ) ${INSTALL_FLAGS} validate +quit ## other flags may be needed depending on install. looking at you cs 1.6\r\n\r\n## set up 32 bit libraries\r\nmkdir -p \/mnt\/server\/.steam\/sdk32\r\ncp -v linux32\/steamclient.so ..\/.steam\/sdk32\/steamclient.so\r\n\r\n## set up 64 bit libraries\r\nmkdir -p \/mnt\/server\/.steam\/sdk64\r\ncp -v linux64\/steamclient.so ..\/.steam\/sdk64\/steamclient.so\r\n\r\n## add below your custom commands if needed\r\n\r\n## install end\r\necho \"-----------------------------------------\"\r\necho \"Installation completed...\"\r\necho \"-----------------------------------------\"",
            "container": "ghcr.io\/parkervcp\/installers:debian",
            "entrypoint": "bash"
        }
    },
    "variables": [
        {
            "name": "Server Password",
            "description": "If specified, players must provide this password to join the server.",
            "env_variable": "ARK_PASSWORD",
            "default_value": "",
            "user_viewable": true,
            "user_editable": true,
            "rules": "nullable|alpha_dash|between:1,100",
            "field_type": "text"
        },
        {
            "name": "Admin Password",
            "description": "If specified, players must provide this password (via the in-game console) to gain access to administrator commands on the server.",
            "env_variable": "ARK_ADMIN_PASSWORD",
            "default_value": "",
            "user_viewable": true,
            "user_editable": true,
            "rules": "nullable|alpha_dash|between:1,100",
            "field_type": "text"
        },
        {
            "name": "Maximum Players",
            "description": "Specifies the maximum number of players that can play on the server simultaneously.",
            "env_variable": "MAX_PLAYERS",
            "default_value": "10",
            "user_viewable": true,
            "user_editable": false,
            "rules": "required|numeric|digits_between:1,4",
            "field_type": "text"
        },
        {
            "name": "Query Port",
            "description": "The port assigned for use as query port",
            "env_variable": "QPORT",
            "default_value": "",
            "user_viewable": true,
            "user_editable": true,
            "rules": "required|numeric|digits_between:1,5",
            "field_type": "text"
        },
        {
            "name": "RCON Port",
            "description": "The port assigned for use as RCON port",
            "env_variable": "RCPORT",
            "default_value": "",
            "user_viewable": true,
            "user_editable": false,
            "rules": "required|numeric|digits_between:1,5",
            "field_type": "text"
        },
        {
            "name": "Cube Port",
            "description": "The port to be used for terrain",
            "env_variable": "CUBEPORT",
            "default_value": "",
            "user_viewable": true,
            "user_editable": false,
            "rules": "required|numeric|digits_between:1,5",
            "field_type": "text"
        },
        {
            "name": "App ID",
            "description": "PixARK Source App ID",
            "env_variable": "SRCDS_APPID",
            "default_value": "824360",
            "user_viewable": false,
            "user_editable": false,
            "rules": "required|numeric",
            "field_type": "text"
        },
        {
            "name": "WINDOWS_INSTALL",
            "description": "",
            "env_variable": "WINDOWS_INSTALL",
            "default_value": "1",
            "user_viewable": false,
            "user_editable": false,
            "rules": "required|string|max:20",
            "field_type": "text"
        },
        {
            "name": "Server Name",
            "description": "Name of the Server !!!! NO SPACES ALLOWED !!!!",
            "env_variable": "SRV_NAME",
            "default_value": "PteroPixARKServer",
            "user_viewable": true,
            "user_editable": true,
            "rules": "required|string|max:30",
            "field_type": "text"
        },
        {
            "name": "WINEDEBUG",
            "description": "",
            "env_variable": "WINEDEBUG",
            "default_value": "-all",
            "user_viewable": false,
            "user_editable": false,
            "rules": "required|string|max:20",
            "field_type": "text"
        },
        {
            "name": "WINEARCH",
            "description": "",
            "env_variable": "WINEARCH",
            "default_value": "win64",
            "user_viewable": false,
            "user_editable": false,
            "rules": "required|string|max:20",
            "field_type": "text"
        },
        {
            "name": "WINEPATH",
            "description": "",
            "env_variable": "WINEPATH",
            "default_value": "\/home\/container",
            "user_viewable": false,
            "user_editable": false,
            "rules": "required|string|max:20",
            "field_type": "text"
        },
        {
            "name": "XVFB",
            "description": "XVFB",
            "env_variable": "XVFB",
            "default_value": "1",
            "user_viewable": false,
            "user_editable": false,
            "rules": "required|boolean",
            "field_type": "text"
        },
        {
            "name": "WINETRICKS_RUN",
            "description": "",
            "env_variable": "WINETRICKS_RUN",
            "default_value": "vcrun2019 dotnet6",
            "user_viewable": false,
            "user_editable": false,
            "rules": "required|string",
            "field_type": "text"
        }
    ]
}