{
    "_comment": "DO NOT EDIT: FILE GENERATED AUTOMATICALLY BY PTERODACTYL PANEL - PTERODACTYL.IO",
    "meta": {
        "version": "PTDL_v2",
        "update_url": null
    },
    "exported_at": "2024-04-02T11:18:14+02:00",
    "name": "Tekkit Classic",
    "author": "geoffrey@remedygaming.net",
    "description": "Created by the Technic team, Tekkit Classic is a modpack for the record breaking sandbox construction game Minecraft. \r\nIt brings together some of the best mods from the Minecraft community for automating, industrializing and powering your worlds and bundles them into one easy download!",
    "features": [
        "eula",
        "java_version",
        "pid_limit"
    ],
    "docker_images": {
        "ghcr.io\/parkervcp\/yolks:java_8": "ghcr.io\/parkervcp\/yolks:java_8",
        "ghcr.io\/parkervcp\/yolks:java_11": "ghcr.io\/parkervcp\/yolks:java_11",
        "ghcr.io\/parkervcp\/yolks:java_16": "ghcr.io\/parkervcp\/yolks:java_16",
        "ghcr.io\/parkervcp\/yolks:java_17": "ghcr.io\/parkervcp\/yolks:java_17"
    },
    "file_denylist": [],
    "startup": "java -Xms128M -Xmx{{SERVER_MEMORY}}M -jar Tekkit.jar",
    "config": {
        "files": "{\r\n    \"server.properties\": {\r\n        \"parser\": \"properties\",\r\n        \"find\": {\r\n            \"server-ip\": \"0.0.0.0\",\r\n            \"server-port\": \"{{server.build.default.port}}\"\r\n        }\r\n    }\r\n}",
        "startup": "{\r\n    \"done\": \")! For help, type \"\r\n}",
        "logs": "{}",
        "stop": "stop"
    },
    "scripts": {
        "installation": {
            "script": "#!\/bin\/ash\r\n# Forge Installation Script\r\n#\r\n# Server Files: \/mnt\/server\r\ncd \/mnt\/server\r\n\r\ncurl -sS https:\/\/servers.technicpack.net\/Technic\/servers\/tekkit\/Tekkit_Server_$MODPACK_VERSION.zip -o Tekkit_Server_$MODPACK_VERSION.zip\r\n\r\nunzip Tekkit_Server_$MODPACK_VERSION.zip\r\n\r\nrm -rf Tekkit_Server_$MODPACK_VERSION.zip\r\n\r\nrm launch.bat\r\n\r\nrm launch.sh\r\n\r\nif [ ! -f server.properties ]; then\r\n    echo -e \"Downloading MC server.properties\"\r\n    curl -o server.properties https:\/\/raw.githubusercontent.com\/parkervcp\/eggs\/master\/game_eggs\/minecraft\/java\/server.properties\r\nfi\r\n\r\n## install end\r\necho \"-----------------------------------------\"\r\necho \"Installation completed...\"\r\necho \"-----------------------------------------\"",
            "container": "ghcr.io\/parkervcp\/installers:alpine",
            "entrypoint": "ash"
        }
    },
    "variables": [
        {
            "name": "Modpack Version",
            "description": "",
            "env_variable": "MODPACK_VERSION",
            "default_value": "3.1.2",
            "user_viewable": true,
            "user_editable": true,
            "rules": "required|string|max:20",
            "field_type": "text"
        }
    ]
}