{
    "_comment": "DO NOT EDIT: FILE GENERATED AUTOMATICALLY BY PANEL",
    "meta": {
        "update_url": null,
        "version": "PTDL_v2"
    },
    "exported_at": "2024-06-01T19:40:10+00:00",
    "name": "Waterdog",
    "author": "parker@pterodactyl.io",
    "description": "Waterdog is fork of the well-known Waterfall, which is a fork of the well-known BungeeCord, server teleportation suite.",
    "features": [
        "eula",
        "java_version",
        "pid_limit"
    ],
    "docker_images": {
        "ghcr.io/parkervcp/yolks:java_11": "ghcr.io/parkervcp/yolks:java_11",
        "ghcr.io/parkervcp/yolks:java_16": "ghcr.io/parkervcp/yolks:java_16",
        "ghcr.io/parkervcp/yolks:java_17": "ghcr.io/parkervcp/yolks:java_17",
        "ghcr.io/parkervcp/yolks:java_8": "ghcr.io/parkervcp/yolks:java_8"
    },
    "file_denylist": [],
    "startup": "java -Xms128M -Xmx{{SERVER_MEMORY}}M -jar {{SERVER_JARFILE}}",
    "config": {
        "files": "{}",
        "logs": "{}",
        "startup": "{\r\n    \"done\": \"Listening on \"\r\n}",
        "stop": "end"
    },
    "scripts": {
        "installation": {
            "container": "ghcr.io/parkervcp/installers:debian",
            "entrypoint": "bash",
            "script": "#!/bin/bash\r\n\r\nif [ ! -d /mnt/server ]; then\r\n    mkdir /mnt/server\r\nfi\r\n\r\ncd /mnt/server\r\n\r\n# Adding '.jar' if it isn't part of the file name\r\nif [[ \"${SERVER_JARFILE}\" == \"*\\.jar\" ]]; then\r\n    echo -e \"adding.jar to server file name\"\r\n    SERVER_JARFILE=\"${SERVER_JARFILE}.jar\"\r\nfi\r\n\r\nif [ -z \"${WATERDOG_VERSION}\" ] || [ \"${WATERDOG_VERSION}\" == \"latest\" ]; then\r\n    echo -e \"downloading latest waterdog build\\n\"\r\n    curl -sSL -o ${SERVER_JARFILE} https://jenkins.waterdog.dev/job/Waterdog/job/Waterdog/job/master-zlib/lastSuccessfulBuild/artifact/Waterfall-Proxy/bootstrap/target/Waterdog.jar\r\nelse \r\n    echo -e \"downloading waterdog build ${WATERDOG_VERSION}\\n\"\r\n    curl -sSL -o ${SERVER_JARFILE} https://jenkins.waterdog.dev/job/Waterdog/job/Waterdog/job/master-zlib/${WATERDOG_VERSION}/artifact/Waterfall-Proxy/bootstrap/target/Waterdog.jar\r\nfi\r\n\r\nif [ ! -f config.yml ]; then\r\n    echo -e \"Downloading waterfall config.yml\"\r\n   curl -o config.yml https://raw.githubusercontent.com/parkervcp/eggs/master/game_eggs/minecraft/proxy/java/waterfall/config.yml\r\nelse\r\n    echo -e \"Waterfall config.yml exists. Will not pull a new file\"\r\nfi\r\n\r\n## install end\r\necho \"-----------------------------------------\"\r\necho \"Installation completed...\"\r\necho \"-----------------------------------------\""
        }
    },
    "variables": [
        {
            "name": "Waterdog Version",
            "description": "The build to pull and install. (Ex. 23), or set to latest\r\n\r\nThis is the build number on https://jenkins.waterdog.dev/",
            "env_variable": "WATERDOG_VERSION",
            "default_value": "latest",
            "user_viewable": true,
            "user_editable": true,
            "rules": "required|string|max:20",
            "field_type": "text"
        },
        {
            "name": "Server Jar File",
            "description": "The jar to run to",
            "env_variable": "SERVER_JARFILE",
            "default_value": "server.jar",
            "user_viewable": true,
            "user_editable": true,
            "rules": "required|string|max:20",
            "field_type": "text"
        }
    ]
}