{
    "_comment": "DO NOT EDIT: FILE GENERATED AUTOMATICALLY BY PANEL",
    "meta": {
        "update_url": null,
        "version": "PTDL_v2"
    },
    "exported_at": "2024-06-02T14:32:00+00:00",
    "name": "Minio S3",
    "author": "accounts@bofanodes.io",
    "description": "MinIO is a cloud storage server compatible with Amazon S3, released under Apache License v2. As an object store, MinIO can store unstructured data such as photos, videos, log files, backups and container images. The maximum size of an object is 5TB.",
    "features": null,
    "docker_images": {
        "ghcr.io/parkervcp/yolks:debian": "ghcr.io/parkervcp/yolks:debian"
    },
    "file_denylist": [],
    "startup": "./minio.sh",
    "config": {
        "files": "{}",
        "logs": "{}",
        "startup": "{\r\n    \"done\": \"guide\",\r\n    \"done\": \"Documentation:\"\r\n}",
        "stop": "^C"
    },
    "scripts": {
        "installation": {
            "container": "debian:buster-slim",
            "entrypoint": "bash",
            "script": "#!/bin/bash\r\n#\r\napt update\r\napt install -y wget\r\nARCH=$([[ \"$(uname -m)\" == \"x86_64\" ]] \u0026\u0026 echo \"amd64\" || echo \"arm64\")\r\ncd /mnt/server\r\nwget https://dl.min.io/server/minio/release/linux-${ARCH}/minio\r\nchmod +x minio\r\nmkdir data\r\nmkdir keys\r\n\r\nwget https://github.com//parkervcp/eggs/raw/master/storage/minio/minio.sh\r\nchmod +x minio.sh\r\nexport MINIO_ACCESS_KEY=$(cat /dev/urandom | tr -dc 'a-zA-Z0-9' | fold -w 32 | head -n 1)\r\necho $MINIO_ACCESS_KEY \u003e keys/key.txt\r\nexport MINIO_SECRET_KEY=$(cat /dev/urandom | tr -dc 'a-zA-Z0-9' | fold -w 32 | head -n 1)\r\necho $MINIO_SECRET_KEY \u003e keys/secret.txt\r\necho done"
        }
    },
    "variables": [
        {
            "name": "Startup Type",
            "description": "normal,rotate,update",
            "env_variable": "STARTUP_TYPE",
            "default_value": "normal",
            "user_viewable": true,
            "user_editable": true,
            "rules": "required|string|in:normal,rotate,update",
            "field_type": "text"
        }
    ]
}