{
    "_comment": "DO NOT EDIT: FILE GENERATED AUTOMATICALLY BY PANEL",
    "meta": {
        "update_url": null,
        "version": "PTDL_v2"
    },
    "exported_at": "2024-06-02T14:43:54+00:00",
    "name": "dart generic",
    "author": "alden@knoban.com",
    "description": "A generic dart CLI egg.\r\n\r\nThis will clone a dart CLI application. it defaults to master if no branch is specified.\r\n\r\nInstalls the pubspec.yaml packages on run. If you set user_upload then I assume you know what you are doing.",
    "features": null,
    "docker_images": {
        "Dart_2.17": "ghcr.io/parkervcp/yolks:dart_2.17",
        "Dart_2.18": "ghcr.io/parkervcp/yolks:dart_2.18",
        "Dart_2.19": "ghcr.io/parkervcp/yolks:dart_2.19",
        "Dart_3.3": "ghcr.io/parkervcp/yolks:dart_3.3",
        "Dart_stable": "ghcr.io/parkervcp/yolks:dart_stable"
    },
    "file_denylist": [],
    "startup": "if [[ -d .git ]] \u0026\u0026 [[ {{AUTO_RESET}} == \"1\" ]]; then git reset --hard; fi; if [[ -d .git ]] \u0026\u0026 [[ {{AUTO_UPDATE}} == \"1\" ]]; then git pull; fi; dart pub get; dart run",
    "config": {
        "files": "{}",
        "logs": "{}",
        "startup": "{\r\n    \"done\": \"change this part\"\r\n}",
        "stop": "^^C"
    },
    "scripts": {
        "installation": {
            "container": "ghcr.io/parkervcp/installers:debian",
            "entrypoint": "bash",
            "script": "#!/bin/bash\r\n# Dart CLI Installation Script\r\n#\r\n# Server Files: /mnt/server\r\napt update\r\napt install -y git curl file unzip\r\n\r\nmkdir -p /mnt/server\r\ncd /mnt/server\r\n\r\nif [ \"${USER_UPLOAD}\" == \"true\" ] || [ \"${USER_UPLOAD}\" == \"1\" ]; then\r\n    echo -e \"assuming user knows what they are doing have a good day.\"\r\n    exit 0\r\nfi\r\n\r\n## add git ending if it's not on the address\r\nif [[ ${GIT_ADDRESS} != *.git ]]; then\r\n    GIT_ADDRESS=${GIT_ADDRESS}.git\r\nfi\r\n\r\nif [ -z \"${USERNAME}\" ] \u0026\u0026 [ -z \"${ACCESS_TOKEN}\" ]; then\r\n    echo -e \"using anon api call\"\r\nelse\r\n    GIT_ADDRESS=\"https://${USERNAME}:${ACCESS_TOKEN}@$(echo -e ${GIT_ADDRESS} | cut -d/ -f3-)\"\r\nfi\r\n\r\n## pull git dart cli repo\r\nif [ \"$(ls -A /mnt/server)\" ]; then\r\n    echo -e \"/mnt/server directory is not empty.\"\r\n    if [ -d .git ]; then\r\n        echo -e \".git directory exists\"\r\n        if [ -f .git/config ]; then\r\n            echo -e \"loading info from git config\"\r\n            ORIGIN=$(git config --get remote.origin.url)\r\n        else\r\n            echo -e \"files found with no git config\"\r\n            echo -e \"closing out without touching things to not break anything\"\r\n            exit 10\r\n        fi\r\n    fi\r\n\r\n    if [ \"${ORIGIN}\" == \"${GIT_ADDRESS}\" ]; then\r\n        echo \"pulling latest from github\"\r\n        git pull\r\n    fi\r\nelse\r\n    echo -e \"/mnt/server is empty.\\ncloning files into repo\"\r\n    if [ -z ${BRANCH} ]; then\r\n        echo -e \"cloning default branch\"\r\n        git clone ${GIT_ADDRESS} .\r\n    else\r\n        echo -e \"cloning ${BRANCH}'\"\r\n        git clone --single-branch --branch ${BRANCH} ${GIT_ADDRESS} .\r\n    fi\r\n\r\nfi\r\n\r\necho -e \"install complete\"\r\nexit 0"
        }
    },
    "variables": [
        {
            "name": "Git Repo Address",
            "description": "GitHub Repo to clone\r\n\r\nI.E. https://github.com/kNoAPP/repo_name",
            "env_variable": "GIT_ADDRESS",
            "default_value": "",
            "user_viewable": true,
            "user_editable": true,
            "rules": "nullable|string",
            "field_type": "text"
        },
        {
            "name": "Install Branch",
            "description": "The branch of the bot to install.",
            "env_variable": "BRANCH",
            "default_value": "",
            "user_viewable": true,
            "user_editable": true,
            "rules": "nullable|string",
            "field_type": "text"
        },
        {
            "name": "User Uploaded Files",
            "description": "Skip all the install stuff if you are letting a user upload files.\r\n\r\n0 = false (default)\r\n1 = true",
            "env_variable": "USER_UPLOAD",
            "default_value": "0",
            "user_viewable": true,
            "user_editable": true,
            "rules": "required|boolean",
            "field_type": "text"
        },
        {
            "name": "Auto Update",
            "description": "Pull the latest files on startup when using a GitHub repo.",
            "env_variable": "AUTO_UPDATE",
            "default_value": "0",
            "user_viewable": true,
            "user_editable": true,
            "rules": "required|boolean",
            "field_type": "text"
        },
        {
            "name": "Auto Reset",
            "description": "Hard reset the latest files on startup when using a GitHub repo.",
            "env_variable": "AUTO_RESET",
            "default_value": "0",
            "user_viewable": true,
            "user_editable": true,
            "rules": "required|boolean",
            "field_type": "text"
        },
        {
            "name": "Git Username",
            "description": "Username to auth with git.",
            "env_variable": "USERNAME",
            "default_value": "",
            "user_viewable": true,
            "user_editable": true,
            "rules": "nullable|string",
            "field_type": "text"
        },
        {
            "name": "Git Access Token",
            "description": "Password to use with git.\r\n\r\nIt's best practice to use a Personal Access Token.\r\nhttps://github.com/settings/tokens\r\nhttps://gitlab.com/-/profile/personal_access_tokens",
            "env_variable": "ACCESS_TOKEN",
            "default_value": "",
            "user_viewable": true,
            "user_editable": true,
            "rules": "nullable|string",
            "field_type": "text"
        }
    ]
}