{
    "_comment": "DO NOT EDIT: FILE GENERATED AUTOMATICALLY BY PANEL",
    "meta": {
        "update_url": null,
        "version": "PTDL_v2"
    },
    "exported_at": "2024-06-01T00:04:21+00:00",
    "name": "Modiverse",
    "author": "admin@softwarenoob.com",
    "description": "Modiverse provides a sandbox environment with the ability to create and play mods such as TTT, Deathrun, FortWars, RP, and more! Use the many sandbox tools to build complex worlds with props, lights, thrusters, wheels, and much much more!",
    "features": [
        "steam_disk_space"
    ],
    "docker_images": {
        "ghcr.io/parkervcp/steamcmd:debian": "ghcr.io/parkervcp/steamcmd:debian"
    },
    "file_denylist": [],
    "startup": "./KJMod/Binaries/Linux/KJModServer -port={{SERVER_PORT}} -queryport={{QUERY_PORT}} -SteamServerName=\\\"{{HOSTNAME}}\\\" -KJModBaseUGCFolder=ServerData -DoNotRestartOnEmpty -InitUGCs -maxplayers={{MAX_PLAYERS}}",
    "config": {
        "files": "{}",
        "logs": "{\r\n\r\n}",
        "startup": "{\r\n    \"done\": \"listening on port\"\r\n}",
        "stop": "^C"
    },
    "scripts": {
        "installation": {
            "container": "ghcr.io/parkervcp/installers:debian",
            "entrypoint": "bash",
            "script": "#!/bin/bash\r\n# steamcmd Base Installation Script\r\n#\r\n# Server Files: /mnt/server\r\n# Image to install with is 'ghcr.io/parkervcp/installers:debian'\r\n\r\n##\r\n#\r\n# Variables\r\n# STEAM_USER, STEAM_PASS, STEAM_AUTH - Steam user setup. If a user has 2fa enabled it will most likely fail due to timeout. Leave blank for anon install.\r\n# WINDOWS_INSTALL - if it's a windows server you want to install set to 1\r\n# SRCDS_APPID - steam app id found here - https://developer.valvesoftware.com/wiki/Dedicated_Servers_List\r\n# SRCDS_BETAID - beta branch of a steam app. Leave blank to install normal branch\r\n# SRCDS_BETAPASS - password for a beta branch should one be required during private or closed testing phases.. Leave blank for no password.\r\n# INSTALL_FLAGS - Any additional SteamCMD  flags to pass during install.. Keep in mind that steamcmd auto update process in the docker image might overwrite or ignore these when it performs update on server boot.\r\n# AUTO_UPDATE - Adding this variable to the egg allows disabling or enabling automated updates on boot. Boolean value. 0 to disable and 1 to enable.\r\n#\r\n ##\r\n\r\n# Install packages. Default packages below are not required if using our existing install image thus speeding up the install process.\r\n#apt -y update\r\n#apt -y --no-install-recommends install curl lib32gcc-s1 ca-certificates\r\n\r\n## just in case someone removed the defaults.\r\nif [[ \"${STEAM_USER}\" == \"\" ]] || [[ \"${STEAM_PASS}\" == \"\" ]]; then\r\n    echo -e \"steam user is not set.\\n\"\r\n    echo -e \"Using anonymous user.\\n\"\r\n    STEAM_USER=anonymous\r\n    STEAM_PASS=\"\"\r\n    STEAM_AUTH=\"\"\r\nelse\r\n    echo -e \"user set to ${STEAM_USER}\"\r\nfi\r\n\r\n## download and install steamcmd\r\ncd /tmp\r\nmkdir -p /mnt/server/steamcmd\r\ncurl -sSL -o steamcmd.tar.gz https://steamcdn-a.akamaihd.net/client/installer/steamcmd_linux.tar.gz\r\ntar -xzvf steamcmd.tar.gz -C /mnt/server/steamcmd\r\nmkdir -p /mnt/server/steamapps # Fix steamcmd disk write error when this folder is missing\r\ncd /mnt/server/steamcmd\r\n\r\n# SteamCMD fails otherwise for some reason, even running as root.\r\n# This is changed at the end of the install process anyways.\r\nchown -R root:root /mnt\r\nexport HOME=/mnt/server\r\n\r\n## install game using steamcmd\r\n./steamcmd.sh +force_install_dir /mnt/server +login ${STEAM_USER} ${STEAM_PASS} ${STEAM_AUTH} $( [[ \"${WINDOWS_INSTALL}\" == \"1\" ]] \u0026\u0026 printf %s '+@sSteamCmdForcePlatformType windows' ) +app_update ${SRCDS_APPID} $( [[ -z ${SRCDS_BETAID} ]] || printf %s \"-beta ${SRCDS_BETAID}\" ) $( [[ -z ${SRCDS_BETAPASS} ]] || printf %s \"-betapassword ${SRCDS_BETAPASS}\" ) ${INSTALL_FLAGS} validate +quit ## other flags may be needed depending on install. looking at you cs 1.6\r\n\r\n## set up 32 bit libraries\r\nmkdir -p /mnt/server/.steam/sdk32\r\ncp -v linux32/steamclient.so ../.steam/sdk32/steamclient.so\r\n\r\n## set up 64 bit libraries\r\nmkdir -p /mnt/server/.steam/sdk64\r\ncp -v linux64/steamclient.so ../.steam/sdk64/steamclient.so\r\n\r\n## add below your custom commands if needed\r\n\r\n\r\n\r\n# Server Configuration \r\nif [ -f /mnt/server/KJModServer.sh ]; then\r\n    rm /mnt/server/KJModServer.sh\r\n    echo \"Removing default script\"\r\nfi\r\nif [ ! -d \"/mnt/server/KJMod/Binaries/Linux/ServerData\" ]; then\r\n        echo \"ServerData folder missing....Creating ServerData Folder\"\r\n        mkdir -p /mnt/server/KJMod/Binaries/Linux/ServerData\r\n    fi\r\n    if [ -f /mnt/server/KJMod/Binaries/Linux/ServerData/ServerConfiguration.json ]; then\r\n            echo \"Config file exists already, skipping config file download\"\r\n    else\r\n        echo \"Config file missing...Downloading default ServerConfiguration file\"\r\n        cd /mnt/server/KJMod/Binaries/Linux/ServerData || exit\r\n        curl -sS -o ServerConfiguration.json https://github.com//parkervcp/eggs/raw/master/steamcmd_servers/modiverse/ServerConfiguration.json\r\nfi\r\nchmod +x /mnt/server/KJMod/Binaries/Linux/KJModServer\r\n\r\n## install end\r\necho \"-----------------------------------------\"\r\necho \"Installation completed...\"\r\necho \"-----------------------------------------\""
        }
    },
    "variables": [
        {
            "name": "Server Name",
            "description": "Server name as shown to players in the various server browsing windows",
            "env_variable": "HOSTNAME",
            "default_value": "Pterodactyl Server",
            "user_viewable": true,
            "user_editable": true,
            "rules": "required|string|max:32",
            "field_type": "text"
        },
        {
            "name": "Query Port",
            "description": "Query Port",
            "env_variable": "QUERY_PORT",
            "default_value": "27015",
            "user_viewable": true,
            "user_editable": false,
            "rules": "required|numeric",
            "field_type": "text"
        },
        {
            "name": "Max Players",
            "description": "The maximum amount of player slots, the value should be between 2 and 128.",
            "env_variable": "MAX_PLAYERS",
            "default_value": "128",
            "user_viewable": true,
            "user_editable": true,
            "rules": "required|integer|between:2,128",
            "field_type": "text"
        },
        {
            "name": "Auto Update",
            "description": "Auto-update the game each time server is started, enter value 0 to disable.",
            "env_variable": "AUTO_UPDATE",
            "default_value": "1",
            "user_viewable": true,
            "user_editable": true,
            "rules": "required|boolean",
            "field_type": "text"
        },
        {
            "name": "App ID",
            "description": "",
            "env_variable": "SRCDS_APPID",
            "default_value": "1549820",
            "user_viewable": false,
            "user_editable": false,
            "rules": "required|string|in:1549820",
            "field_type": "text"
        }
    ]
}