{
    "_comment": "DO NOT EDIT: FILE GENERATED AUTOMATICALLY BY PANEL",
    "meta": {
        "update_url": null,
        "version": "PTDL_v2"
    },
    "exported_at": "2024-06-01T00:17:08+00:00",
    "name": "SA-MP",
    "author": "bl4ckspr4y@protonmail.com",
    "description": "SA-MP is a free Massively Multiplayer Online game mod for the PC version of Rockstar Games Grand Theft Auto: San Andreas (tm).",
    "features": null,
    "docker_images": {
        "Samp": "ghcr.io/parkervcp/games:samp"
    },
    "file_denylist": [],
    "startup": "./samp03svr",
    "config": {
        "files": "{\r\n    \"server.cfg\": {\r\n        \"parser\": \"file\",\r\n        \"find\": {\r\n            \"port\": \"port {{server.build.default.port}}\",\r\n            \"rcon_password\": \"rcon_password {{server.build.env.RCON_PASS}}\"\r\n        }\r\n    }\r\n}",
        "logs": "{}",
        "startup": "{\r\n    \"done\": \"Started server on \"\r\n}",
        "stop": "^^C"
    },
    "scripts": {
        "installation": {
            "container": "ghcr.io/parkervcp/installers:debian",
            "entrypoint": "bash",
            "script": "#!/bin/bash\r\n\r\n# Check if VERSION is set and starts with an uppercase \"R\"\r\nif [[ -n \"$VERSION\" \u0026\u0026 \"$VERSION\" == R* ]]; then\r\n    VERSION=\"0.3.7\"\r\n    echo \"Updated VERSION: $VERSION\"\r\nfi\r\n\r\ncd /tmp || exit\r\necho \"running: curl -sSL -o samp.tar.gz https://sampcenter.com/download/server/linux/${VERSION}.tar.gz\"\r\ncurl -sSL -o samp.tar.gz https://sampcenter.com/download/server/linux/${VERSION}.tar.gz\r\n\r\nmkdir -p /mnt/server\r\ntar -xzvf samp.tar.gz --strip-components=1 -C /mnt/server/\r\n\r\ncd /mnt/server || exit\r\n\r\nsed -i '3d' /mnt/server/server.cfg\r\necho \"rcon_password ${RCON_PASS}\" \u003e\u003e /mnt/server/server.cfg\r\n\r\nchown -R root:root /mnt\r\n\r\nexport HOME=/mnt/server\r\n\r\n\r\n## install end\r\necho \"-----------------------------------------\"\r\necho \"Installation completed...\"\r\necho \"-----------------------------------------\""
        }
    },
    "variables": [
        {
            "name": "Version",
            "description": "Example: if the download url is https://sampcenter.com/download/server/linux/0.3.7.tar.gz then the variable should be: `0.3.7`",
            "env_variable": "Version",
            "default_value": "0.3.7",
            "user_viewable": true,
            "user_editable": true,
            "rules": "required|string|max:32",
            "field_type": "text"
        },
        {
            "name": "Rcon password",
            "description": "The password used for rcon",
            "env_variable": "RCON_PASS",
            "default_value": "",
            "user_viewable": true,
            "user_editable": true,
            "rules": "required|string|max:32",
            "field_type": "text"
        }
    ]
}