{
    "_comment": "DO NOT EDIT: FILE GENERATED AUTOMATICALLY BY PTERODACTYL PANEL - PTERODACTYL.IO",
    "meta": {
        "version": "PTDL_v2",
        "update_url": null
    },
    "exported_at": "2024-04-05T12:07:19+02:00",
    "name": "BeamMP Servers",
    "author": "noah@noahserver.online",
    "description": "This is the server for the multiplayer mod BeamMP for the game BeamNG.drive. The server is the point through which all clients communicate. You can write lua mods for the server, detailed instructions on the BeamMP Wiki.",
    "features": null,
    "docker_images": {
        "Debian": "ghcr.io\/parkervcp\/yolks:debian"
    },
    "file_denylist": [],
    "startup": ".\/BeamMP-Server",
    "config": {
        "files": "{\r\n    \"ServerConfig.toml\": {\r\n        \"parser\": \"file\",\r\n        \"find\": {\r\n            \"Name =\": \"Name = \\\"{{env.NAME}}\\\"\",\r\n            \"Port =\": \"Port = {{server.build.default.port}}\",\r\n            \"AuthKey =\": \"AuthKey = \\\"{{env.AUTHKEY}}\\\"\",\r\n            \"Private =\": \"Private = {{env.PRIVATE}}\",\r\n            \"MaxPlayers =\": \"MaxPlayers = {{server.build.env.MAX_PLAYERS}}\",\r\n            \"Description =\": \"Description = \\\"{{env.DESCRIPTION}}\\\"\",\r\n            \"MaxCars =\": \"MaxCars = {{env.MAX_CARS}}\",\r\n            \"Map =\": \"Map = \\\"{{env.MAP}}\\\"\",\r\n            \"LogChat =\": \"LogChat = {{env.LOGCHAT}}\"\r\n        }\r\n    }\r\n}",
        "startup": "{\r\n    \"done\": \"[INFO] Vehicle data network online\"\r\n}",
        "logs": "{}",
        "stop": "exit"
    },
    "scripts": {
        "installation": {
            "script": "#!\/bin\/bash\r\n#Create the server directory\r\nmkdir -p \/mnt\/server\r\ncd \/mnt\/server\r\n\r\n#Remove any old versions\r\nrm -f BeamMP-Server\r\n\r\n#Check for latest release & download URLs\r\nLATEST_JSON=$(curl --silent \"https:\/\/api.github.com\/repos\/BeamMP\/BeamMP-Server\/releases\/latest\")\r\nRELEASES=$(curl --silent \"https:\/\/api.github.com\/repos\/BeamMP\/BeamMP-Server\/releases\")\r\nMATCH=$([[ \"$(uname -m)\" == \"x86_64\" ]] && echo \"Server.debian.12.x86_64\" || echo \"Server.debian.12.arm64\")\r\n\r\nif [ -z \"${VERSION}\" ] || [ \"${VERSION}\" == \"latest\" ]; then\r\n    echo -e \"Using latest BeamMP server version\"\r\n    DOWNLOAD_URL=$(echo ${LATEST_JSON} | jq .assets | jq -r .[].browser_download_url | grep -i \"${MATCH}\" | head -1)\r\nelse\r\n    echo -e \"Chosen version :${VERSION}. Verifying version from releases\"\r\n    VERSION_CHECK=$(echo ${RELEASES} | jq -r --arg VERSION \"${VERSION}\" '.[] | select(.tag_name==$VERSION) | .tag_name')\r\n    if [ \"${VERSION}\" == \"${VERSION_CHECK}\" ]; then\r\n        DOWNLOAD_URL=$(echo ${RELEASES} | jq -r --arg VERSION \"${VERSION}\" '.[] | select(.tag_name==$VERSION) | .assets[].browser_download_url' | grep -i \"${MATCH}\" | head -1)\r\n    else\r\n        echo -e \"No valid versions found. Defaulting to the latest release\"\r\n        DOWNLOAD_URL=$(echo ${LATEST_JSON} | jq .assets | jq -r .[].browser_download_url | grep -i \"Server\" | grep -i \"debian\" | grep -i \"12\" |  grep -i \"x\" | grep -i \"64\" | head -1)\r\n    fi\r\nfi\r\n\r\n#Download the BeamMP server binary\r\necho -e \"Running curl -sSL ${DOWNLOAD_URL} -o BeamMP-Server\"\r\ncurl -sSL ${DOWNLOAD_URL} -o BeamMP-Server\r\nchmod +x BeamMP-Server\r\n\r\n#Create a default configuration file\r\necho \"# This is the BeamMP-Server config file.\r\n# Help & Documentation: `https:\/\/wiki.beammp.com\/en\/home\/server-maintenance`\r\n# IMPORTANT: Fill in the AuthKey with the key you got from `https:\/\/keymaster.beammp.com\/` on the left under 'Keys'\r\n\r\n[General]\r\nName = 'BeamMP Server'\r\nPort = 30814\r\n# AuthKey has to be filled out in order to run the server\r\nAuthKey = ''\r\n# Whether to log chat messages in the console \/ log\r\nLogChat = true\r\n# Add custom identifying tags to your server to make it easier to find. Format should be TagA,TagB,TagC. Note the comma seperation.\r\nTags = 'Freeroam'\r\nDebug = false\r\nPrivate = true\r\nMaxCars = 1\r\nMaxPlayers = 8\r\nMap = '\/levels\/gridmap_v2\/info.json'\r\nDescription = 'BeamMP Default Description'\r\nResourceFolder = 'Resources'\r\n\r\n[Misc]\r\n# Hides the periodic update message which notifies you of a new server version. You should really keep this on and always update as soon as possible. For more information visit https:\/\/wiki.beammp.com\/en\/home\/server-maintenance#updating-the-server. An update message will always appear at startup regardless.\r\nImScaredOfUpdates = false\r\n# You can turn on\/off the SendErrors message you get on startup here\r\nSendErrorsShowMessage = true\r\n# If SendErrors is 'true', the server will send helpful info about crashes and other issues back to the BeamMP developers. This info may include your config, who is on your server at the time of the error, and similar general information. This kind of data is vital in helping us diagnose and fix issues faster. This has no impact on server performance. You can opt-out of this system by setting this to 'false'\r\nSendErrors = true\" > ServerConfig.toml\r\n\r\n\r\necho \"-----------------------------------------\"\r\necho \"Installation completed...\"\r\necho \"-----------------------------------------\"",
            "container": "ghcr.io\/parkervcp\/installers:debian",
            "entrypoint": "bash"
        }
    },
    "variables": [
        {
            "name": "Server Name",
            "description": "The name of your server. This is what appears on the server list.",
            "env_variable": "NAME",
            "default_value": "BeamMP Server",
            "user_viewable": true,
            "user_editable": true,
            "rules": "required|string|max:128",
            "field_type": "text"
        },
        {
            "name": "Server Description",
            "description": "Sets the server description",
            "env_variable": "DESCRIPTION",
            "default_value": "BeamMP Default Description",
            "user_viewable": true,
            "user_editable": true,
            "rules": "required|string|max:128",
            "field_type": "text"
        },
        {
            "name": "BeamMP Server Version",
            "description": "The BeamMP server version to be installed. Latest or invalid versions will default to latest. See all available versions at https:\/\/github.com\/BeamMP\/BeamMP-Server\/releases\r\n\r\nexample: v3.1.0 or  v2.2.0 or latest",
            "env_variable": "VERSION",
            "default_value": "latest",
            "user_viewable": true,
            "user_editable": true,
            "rules": "required|string|max:12",
            "field_type": "text"
        },
        {
            "name": "Authentication Key",
            "description": "The authentication key for your server. A key can be obtained from the BeamMP keymaster at https:\/\/keymaster.beammp.com",
            "env_variable": "AUTHKEY",
            "default_value": "",
            "user_viewable": true,
            "user_editable": true,
            "rules": "required|string|max:64",
            "field_type": "text"
        },
        {
            "name": "Max Players",
            "description": "The maximum number of players allowed on the server.",
            "env_variable": "MAX_PLAYERS",
            "default_value": "6",
            "user_viewable": true,
            "user_editable": true,
            "rules": "required|integer|max:100",
            "field_type": "text"
        },
        {
            "name": "Private",
            "description": "Should the server be private?",
            "env_variable": "PRIVATE",
            "default_value": "false",
            "user_viewable": true,
            "user_editable": true,
            "rules": "required|string|in:true,false",
            "field_type": "text"
        },
        {
            "name": "Max Cars",
            "description": "The maximum number of cars allowed to be spawned per player.",
            "env_variable": "MAX_CARS",
            "default_value": "1",
            "user_viewable": true,
            "user_editable": true,
            "rules": "required|integer|max:10",
            "field_type": "text"
        },
        {
            "name": "Map",
            "description": "The map for your server. Stock maps are listed below.\r\n\r\n\/levels\/gridmap_v2\/info.json\r\n\/levels\/automation_test_track\/info.json\r\n\/levels\/east_coast_usa\/info.json\r\n\/levels\/hirochi_raceway\/info.json\r\n\/levels\/italy\/info.json\r\n\/levels\/jungle_rock_island\/info.json\r\n\/levels\/industrial\/info.json\r\n\/levels\/small_island\/info.json\r\n\/levels\/smallgrid\/info.json\r\n\/levels\/utah\/info.json\r\n\/levels\/west_coast_usa\/info.json\r\n\/levels\/driver_training\/info.json\r\n\/levels\/derby\/info.json",
            "env_variable": "MAP",
            "default_value": "\/levels\/gridmap_v2\/info.json",
            "user_viewable": true,
            "user_editable": true,
            "rules": "required|string|max:64",
            "field_type": "text"
        },
        {
            "name": "Chat logging",
            "description": "Enable chat logging by the server",
            "env_variable": "LOGCHAT",
            "default_value": "true",
            "user_viewable": true,
            "user_editable": true,
            "rules": "required|string|in:true,false",
            "field_type": "text"
        }
    ]
}