{
    "_comment": "DO NOT EDIT: FILE GENERATED AUTOMATICALLY BY PANEL",
    "meta": {
        "update_url": null,
        "version": "PTDL_v2"
    },
    "exported_at": "2024-06-01T00:03:42+00:00",
    "name": "Barotrauma",
    "author": "admin@softwarenoob.com",
    "description": "Barotrauma is a 2D co-op survival horror submarine simulator, inspired by games like FTL: Faster Than Light, Rimworld, Dwarf Fortress and Space Station 13. It’s a Sci-Fi game that combines ragdoll physics and alien sea monsters with teamwork and existential fear.",
    "features": [
        "steam_disk_space"
    ],
    "docker_images": {
        "ghcr.io/parkervcp/steamcmd:debian": "ghcr.io/parkervcp/steamcmd:debian"
    },
    "file_denylist": [],
    "startup": "./DedicatedServer -batchmode 2\u003e\u00261 | sed -r \"s/\\x1B\\[([0-9]{1,3}(;[0-9]{1,2})?)?[mGK]//g\"",
    "config": {
        "files": "{}",
        "logs": "{}",
        "startup": "{\r\n    \"done\": \"Server started\"\r\n}",
        "stop": "^C"
    },
    "scripts": {
        "installation": {
            "container": "ghcr.io/parkervcp/installers:debian",
            "entrypoint": "bash",
            "script": "#!/bin/bash\r\n# steamcmd Base Installation Script\r\n#\r\n# Server Files: /mnt/server\r\n# Image to install with is 'ghcr.io/parkervcp/installers:debian'\r\n\r\n\r\n# Install packages. Default packages below are not required if using our existing install image thus speeding up the install process.\r\n#apt -y update\r\n#apt -y --no-install-recommends install curl lib32gcc-s1 ca-certificates\r\n\r\n## just in case someone removed the defaults.\r\nif [[ \"${STEAM_USER}\" == \"\" ]] || [[ \"${STEAM_PASS}\" == \"\" ]]; then\r\n    echo -e \"steam user is not set.\\n\"\r\n    echo -e \"Using anonymous user.\\n\"\r\n    STEAM_USER=anonymous\r\n    STEAM_PASS=\"\"\r\n    STEAM_AUTH=\"\"\r\nelse\r\n    echo -e \"user set to ${STEAM_USER}\"\r\nfi\r\n\r\n## download and install steamcmd\r\ncd /tmp\r\nmkdir -p /mnt/server/steamcmd\r\ncurl -sSL -o steamcmd.tar.gz https://steamcdn-a.akamaihd.net/client/installer/steamcmd_linux.tar.gz\r\ntar -xzvf steamcmd.tar.gz -C /mnt/server/steamcmd\r\nmkdir -p /mnt/server/steamapps # Fix steamcmd disk write error when this folder is missing\r\ncd /mnt/server/steamcmd\r\n\r\n# SteamCMD fails otherwise for some reason, even running as root.\r\n# This is changed at the end of the install process anyways.\r\nchown -R root:root /mnt\r\nexport HOME=/mnt/server\r\n\r\n## install game using steamcmd\r\n./steamcmd.sh +force_install_dir /mnt/server +login ${STEAM_USER} ${STEAM_PASS} ${STEAM_AUTH} $( [[ \"${WINDOWS_INSTALL}\" == \"1\" ]] \u0026\u0026 printf %s '+@sSteamCmdForcePlatformType windows' ) +app_update ${SRCDS_APPID} $( [[ -z ${SRCDS_BETAID} ]] || printf %s \"-beta ${SRCDS_BETAID}\" ) $( [[ -z ${SRCDS_BETAPASS} ]] || printf %s \"-betapassword ${SRCDS_BETAPASS}\" ) ${INSTALL_FLAGS} validate +quit\r\n\r\n## set up 32 bit libraries\r\nmkdir -p /mnt/server/.steam/sdk32\r\ncp -v linux32/steamclient.so ../.steam/sdk32/steamclient.so\r\n\r\n## set up 64 bit libraries\r\nmkdir -p /mnt/server/.steam/sdk64\r\ncp -v linux64/steamclient.so ../.steam/sdk64/steamclient.so\r\n\r\n## add below your custom commands if needed\r\n\r\n## install end\r\necho \"-----------------------------------------\"\r\necho \"Installation completed...\"\r\necho \"-----------------------------------------\""
        }
    },
    "variables": [
        {
            "name": "SRCDS_APPID",
            "description": "",
            "env_variable": "SRCDS_APPID",
            "default_value": "1026340",
            "user_viewable": false,
            "user_editable": false,
            "rules": "required|string|in:1026340",
            "field_type": "text"
        },
        {
            "name": "Auto Update",
            "description": "1 = on; 0 = off",
            "env_variable": "AUTO_UPDATE",
            "default_value": "1",
            "user_viewable": true,
            "user_editable": true,
            "rules": "required|boolean",
            "field_type": "text"
        }
    ]
}