{
    "_comment": "DO NOT EDIT: FILE GENERATED AUTOMATICALLY BY PANEL",
    "meta": {
        "version": "PTDL_v2",
        "update_url": null
    },
    "exported_at": "2024-06-02T14:43:56+00:00",
    "name": "golang generic",
    "author": "parker@parkervcp.com",
    "uuid": "b1c18867-5be4-4124-9ce2-8924339de747",
    "description": "A generic golang egg that compiles the application and saves an executable\r\n\r\nMeant to be customized before it is used.",
    "features": null,
    "docker_images": {
        "ghcr.io\/parkervcp\/yolks:debian": "ghcr.io\/parkervcp\/yolks:debian"
    },
    "file_denylist": [],
    "startup": ".\/${EXECUTABLE}",
    "config": {
        "files": "{}",
        "startup": "{\r\n    \"done\": \"change this part\"\r\n}",
        "logs": "{}",
        "stop": "^C"
    },
    "scripts": {
        "installation": {
            "script": "#!\/bin\/bash\r\n# golang generic package\r\n\r\n\r\nif [ ! -d \/mnt\/server\/ ]; then\r\n    mkdir -p \/mnt\/server\/\r\nfi\r\n\r\ngo get ${GO_PACKAGE}\r\n\r\ncd src\/${GO_PACKAGE}\r\n\r\ngo get\r\n\r\ngo build\r\n\r\ncp -f ${EXECUTABLE} \/mnt\/server\/",
            "container": "golang:1.15-buster",
            "entrypoint": "bash"
        }
    },
    "variables": [
        {
            "name": "Go Package",
            "description": "Go package to get and build",
            "env_variable": "GO_PACKAGE",
            "default_value": "",
            "user_viewable": true,
            "user_editable": true,
            "rules": "required|string",
            "sort": null,
            "field_type": "text"
        },
        {
            "name": "Executable",
            "description": "This is the executable from the build.",
            "env_variable": "EXECUTABLE",
            "default_value": "",
            "user_viewable": true,
            "user_editable": false,
            "rules": "required|string",
            "sort": null,
            "field_type": "text"
        }
    ]
}