{
    "_comment": "DO NOT EDIT: FILE GENERATED AUTOMATICALLY BY PANEL",
    "meta": {
        "version": "PTDL_v2",
        "update_url": null
    },
    "exported_at": "2024-06-01T19:40:01+00:00",
    "name": "Magma",
    "author": "support@pterodactyl.io",
    "uuid": "5a2d29b8-666c-4a84-8ef3-44b29ceebf24",
    "description": "Magma is most powerful Forge server providing you with Forge mods and Bukkit Plugins using Spigot and Paper for Performance Optimization and Stability. Using: https:\/\/github.com\/magmamaintained",
    "features": [
        "eula",
        "java_version",
        "pid_limit"
    ],
    "docker_images": {
        "Java 8": "ghcr.io\/pterodactyl\/yolks:java_8",
        "Java 11": "ghcr.io\/pterodactyl\/yolks:java_11",
        "Java 16": "ghcr.io\/pterodactyl\/yolks:java_16",
        "Java 17": "ghcr.io\/pterodactyl\/yolks:java_17",
        "Java 18": "ghcr.io\/pterodactyl\/yolks:java_18"
    },
    "file_denylist": [],
    "startup": "java -Xms128M -XX:MaxRAMPercentage=95.0 -jar {{SERVER_JARFILE}}",
    "config": {
        "files": "{\r\n    \"server.properties\": {\r\n        \"parser\": \"properties\",\r\n        \"find\": {\r\n            \"server-ip\": \"0.0.0.0\",\r\n            \"enable-query\": \"true\",\r\n            \"server-port\": \"{{server.build.default.port}}\"\r\n        }\r\n    }\r\n}",
        "startup": "{\r\n    \"done\": \")! For help, type \"\r\n}",
        "logs": "{}",
        "stop": "stop"
    },
    "scripts": {
        "installation": {
            "script": "#!\/bin\/bash\r\n\r\nmkdir -p \/mnt\/server\r\ncd \/mnt\/server\r\n\r\n## get release info and download links\r\nLATEST_JSON=$(curl --silent \"https:\/\/api.github.com\/repos\/magmamaintained\/Magma-${MC_VERSION}\/releases\/latest\")\r\nRELEASES=$(curl --silent \"https:\/\/api.github.com\/repos\/magmamaintained\/Magma-${MC_VERSION}\/releases\")\r\n\r\nif [ -z \"${TAG_VERSION}\" ] || [ \"${TAG_VERSION}\" == \"latest\" ]; then\r\n    DOWNLOAD_LINK=$(echo ${LATEST_JSON} | jq .assets | jq -r .[].browser_download_url )\r\nelse\r\n    VERSION_CHECK=$(echo ${RELEASES} | jq -r --arg VERSION \"${TAG_VERSION}\" '.[] | select(.tag_name==$VERSION) | .tag_name')\r\n    if [ \"${TAG_VERSION}\" == \"${VERSION_CHECK}\" ]; then\r\n        DOWNLOAD_LINK=$(echo ${RELEASES} | jq -r --arg VERSION \"${TAG_VERSION}\" '.[] | select(.tag_name==$VERSION) | .assets[].browser_download_url')\r\n    else\r\n        echo -e \"defaulting to latest release\"\r\n        DOWNLOAD_LINK=$(echo ${LATEST_JSON} | jq .assets | jq -r .[].browser_download_url)\r\n    fi\r\nfi\r\n\r\nif [ ! -z \"${DOWNLOAD_LINK}\" ]; then \r\n    if curl --output \/dev\/null --silent --head --fail ${DOWNLOAD_LINK}; then\r\n        echo -e \"link is valid. setting download link to ${DOWNLOAD_LINK}\"\r\n        DOWNLOAD_LINK=${DOWNLOAD_LINK}\r\n    else        \r\n        echo -e \"link is invalid closing out\"\r\n        exit 2\r\n    fi\r\nfi\r\n\r\n\r\necho \"Download Link: '${DOWNLOAD_LINK}'\"\r\n\r\n# Check we found a download link\r\n\r\n# Download server.jar\r\necho -e \"running: curl -sSL -o ${SERVER_JARFILE} ${DOWNLOAD_LINK}\"\r\ncurl -sSL -o ${SERVER_JARFILE} -sSL ${DOWNLOAD_LINK}\r\necho -e \"Install Complete\"",
            "container": "ghcr.io\/parkervcp\/installers:debian",
            "entrypoint": "bash"
        }
    },
    "variables": [
        {
            "name": "Server Jar File",
            "description": "The name of the server jarfile to run the server with.",
            "env_variable": "SERVER_JARFILE",
            "default_value": "server.jar",
            "user_viewable": true,
            "user_editable": false,
            "rules": "required|regex:\/^([\\w\\d._-]+)(\\.jar)$\/",
            "sort": null,
            "field_type": "text"
        },
        {
            "name": "Minecraft Version",
            "description": "",
            "env_variable": "MC_VERSION",
            "default_value": "1.20.1",
            "user_viewable": true,
            "user_editable": true,
            "rules": "nullable|string|in:1.20.1,1.19.3,1.18.2,1.12.2",
            "sort": null,
            "field_type": "text"
        },
        {
            "name": "Tag Version",
            "description": "Optional.\r\n\r\nSpecify the tag version to install. Set latest to install latest",
            "env_variable": "TAG_VERSION",
            "default_value": "latest",
            "user_viewable": true,
            "user_editable": true,
            "rules": "required|string|max:32",
            "sort": null,
            "field_type": "text"
        }
    ]
}