{
    "_comment": "DO NOT EDIT: FILE GENERATED AUTOMATICALLY BY PANEL",
    "meta": {
        "update_url": null,
        "version": "PTDL_v2"
    },
    "exported_at": "2024-06-02T14:32:01+00:00",
    "name": "SFTP Storage Share",
    "author": "red_thirten@yahoo.com",
    "description": "A simple \"empty\" egg that acts as a private SFTP storage share by utilizing Pterodactyl's built in SFTP system for servers. Sub-users can be added to the server by the owner to allow additional people to access the share. \"Starting\" the server performs no actions and it should be left off.",
    "features": null,
    "docker_images": {
        "ghcr.io/parkervcp/yolks:alpine": "ghcr.io/parkervcp/yolks:alpine"
    },
    "file_denylist": [],
    "startup": "echo -e \"\\n\\n\\033[0;31mThere is no need to start this server. The SFTP service is always running. Feel free to stop the server now.\\n\\t\\033[0;36m(Sub-users can be added via the Users tab to add/remove access to the share in real time)\\n\\n\"",
    "config": {
        "files": "{}",
        "logs": "{}",
        "startup": "{\r\n    \"done\": \"\"\r\n}",
        "stop": "^C"
    },
    "scripts": {
        "installation": {
            "container": "alpine:3.4",
            "entrypoint": "ash",
            "script": "# Pterodactyl SFTP Storage Share Egg ~ David Wolfe (Red-Thirten) ~ 2023-01-27"
        }
    },
    "variables": []
}