{
    "_comment": "DO NOT EDIT: FILE GENERATED AUTOMATICALLY BY PANEL",
    "meta": {
        "version": "PTDL_v2",
        "update_url": null
    },
    "exported_at": "2024-06-01T00:04:27+00:00",
    "name": "No Love Lost",
    "author": "imkringle@proton.me",
    "uuid": "a72d51a1-c75f-4763-86d2-2f540b76cefe",
    "description": "Grab your ragtag crew & take up the Nectar Raiding trade on a dangerous planet that\u2019s become all the rage! In this PvPvE extraction game for 1-10 players, compete against enemy crews to harvest as much Nectar as possible before night falls. But watch out, you're not the only one roaming this planet!",
    "features": [
        "steam_disk_space"
    ],
    "docker_images": {
        "ghcr.io\/parkervcp\/steamcmd:proton": "ghcr.io\/parkervcp\/steamcmd:proton"
    },
    "file_denylist": [],
    "startup": "rm \/home\/container\/NoLoveLost\/Saved\/Logs\/NoLoveLost.log; proton run .\/NoLoveLost\/Binaries\/Win64\/NoLoveLostServer-Win64-Shipping.exe -port={{SERVER_PORT}} -queryport={{QUERY_PORT}} -servername=\"{{SERVER_NAME}}\" -log & NLL_PID=$!; tail -c0 -F \/home\/container\/NoLoveLost\/Saved\/Logs\/NoLoveLost.log --pid=$NLL_PID",
    "config": {
        "files": "{}",
        "startup": "{\r\n    \"done\": \"seconds to LoadMap\"\r\n}",
        "logs": "{}",
        "stop": "^C"
    },
    "scripts": {
        "installation": {
            "script": "#!\/bin\/bash\r\n# steamcmd Base Installation Script\r\n# Server Files: \/mnt\/server\r\n# Image to install with is 'ghcr.io\/parkervcp\/installers:debian'\r\n\r\n## just in case someone removed the defaults.\r\nif [[ \"${STEAM_USER}\" == \"\" ]] || [[ \"${STEAM_PASS}\" == \"\" ]]; then\r\n    echo -e \"steam user is not set.\\n\"\r\n    echo -e \"Using anonymous user.\\n\"\r\n    STEAM_USER=anonymous\r\n    STEAM_PASS=\"\"\r\n    STEAM_AUTH=\"\"\r\nelse\r\n    echo -e \"user set to ${STEAM_USER}\"\r\nfi\r\n\r\n## download and install steamcmd\r\ncd \/tmp\r\nmkdir -p \/mnt\/server\/steamcmd\r\ncurl -sSL -o steamcmd.tar.gz https:\/\/steamcdn-a.akamaihd.net\/client\/installer\/steamcmd_linux.tar.gz\r\ntar -xzvf steamcmd.tar.gz -C \/mnt\/server\/steamcmd\r\nmkdir -p \/mnt\/server\/steamapps # Fix steamcmd disk write error when this folder is missing\r\ncd \/mnt\/server\/steamcmd\r\n# SteamCMD fails otherwise for some reason, even running as root.\r\n# This is changed at the end of the install process anyways.\r\nchown -R root:root \/mnt\r\nexport HOME=\/mnt\/server\r\n\r\n## install game using steamcmd\r\n.\/steamcmd.sh +force_install_dir \/mnt\/server +login ${STEAM_USER} ${STEAM_PASS} ${STEAM_AUTH} $( [[ \"${WINDOWS_INSTALL}\" == \"1\" ]] && printf %s '+@sSteamCmdForcePlatformType windows' ) +app_update ${SRCDS_APPID} $( [[ -z ${SRCDS_BETAID} ]] || printf %s \"-beta ${SRCDS_BETAID}\" ) $( [[ -z ${SRCDS_BETAPASS} ]] || printf %s \"-betapassword ${SRCDS_BETAPASS}\" ) ${INSTALL_FLAGS} validate +quit ## other flags may be needed depending on install. looking at you cs 1.6\r\n\r\n## install the steam sdk using steamcmd\r\n.\/steamcmd.sh +force_install_dir \/mnt\/server\/NoLoveLost\/Binaries\/Win64\/ +login ${STEAM_USER} ${STEAM_PASS} ${STEAM_AUTH} $( [[ \"${WINDOWS_INSTALL}\" == \"1\" ]] && printf %s '+@sSteamCmdForcePlatformType windows' ) +app_update 1007 ${INSTALL_FLAGS} validate +quit \r\n\r\n## set up 32 bit libraries\r\nmkdir -p \/mnt\/server\/.steam\/sdk32\r\ncp -v linux32\/steamclient.so ..\/.steam\/sdk32\/steamclient.so\r\n## set up 64 bit libraries\r\nmkdir -p \/mnt\/server\/.steam\/sdk64\r\ncp -v linux64\/steamclient.so ..\/.steam\/sdk64\/steamclient.so\r\n\r\n#Setup AppID TXT\r\ncd \/mnt\/server\r\necho \"1873120\" > steam_appid.txt\r\n\r\n## End\r\necho \"-----------------------------------------\"\r\necho \"Installation completed...\"\r\necho \"-----------------------------------------\"",
            "container": "ghcr.io\/parkervcp\/installers:debian",
            "entrypoint": "bash"
        }
    },
    "variables": [
        {
            "name": "Auto Update",
            "description": "Updates server on startup",
            "env_variable": "AUTO_UPDATE",
            "default_value": "1",
            "user_viewable": true,
            "user_editable": true,
            "rules": "required|boolean",
            "sort": null,
            "field_type": "text"
        },
        {
            "name": "[Advanced] Windows Install",
            "description": "",
            "env_variable": "WINDOWS_INSTALL",
            "default_value": "1",
            "user_viewable": false,
            "user_editable": false,
            "rules": "nullable|string|in:1",
            "sort": null,
            "field_type": "text"
        },
        {
            "name": "Steam AppID",
            "description": "",
            "env_variable": "SRCDS_APPID",
            "default_value": "2833050",
            "user_viewable": false,
            "user_editable": false,
            "rules": "required|string",
            "sort": null,
            "field_type": "text"
        },
        {
            "name": "Query Port",
            "description": "",
            "env_variable": "QUERY_PORT",
            "default_value": "27016",
            "user_viewable": true,
            "user_editable": true,
            "rules": "required",
            "sort": null,
            "field_type": "text"
        },
        {
            "name": "Server Name",
            "description": "",
            "env_variable": "SERVER_NAME",
            "default_value": "A Pterodactyl Server",
            "user_viewable": true,
            "user_editable": true,
            "rules": "required|string|max:64",
            "sort": null,
            "field_type": "text"
        }
    ]
}