{
    "_comment": "DO NOT EDIT: FILE GENERATED AUTOMATICALLY BY PANEL",
    "meta": {
        "update_url": null,
        "version": "PTDL_v2"
    },
    "exported_at": "2024-06-01T19:40:19+00:00",
    "name": "The 1.12.2 Pack",
    "author": "contact@irequire.dev",
    "description": "The 1.12.2 Pack",
    "features": [
        "eula",
        "java_version",
        "pid_limit"
    ],
    "docker_images": {
        "ghcr.io/parkervcp/yolks:java_8": "ghcr.io/parkervcp/yolks:java_8"
    },
    "file_denylist": [],
    "startup": "java -Xms128M -Xmx{{SERVER_MEMORY}}M -jar forge-*.jar",
    "config": {
        "files": "{\r\n    \"server.properties\": {\r\n        \"parser\": \"properties\",\r\n        \"find\": {\r\n            \"server-ip\": \"0.0.0.0\",\r\n            \"server-port\": \"{{server.build.default.port}}\",\r\n            \"query.port\": \"{{server.build.default.port}}\"\r\n        }\r\n    }\r\n}",
        "logs": "{\r\n}",
        "startup": "{\r\n    \"done\": \")! For help, type \"\r\n}",
        "stop": "stop"
    },
    "scripts": {
        "installation": {
            "container": "ghcr.io/parkervcp/installers:alpine",
            "entrypoint": "ash",
            "script": "#!/bin/ash\r\n# Forge Installation Script\r\n#\r\n# Server Files: /mnt/server\r\n\r\ncd /mnt/server\r\n\r\ncurl -sS http://solder.endermedia.com/repository/downloads/the-1122-pack/the-1122-pack_$MODPACK_VERSION.zip -o the-1122-pack_$MODPACK_VERSION.zip\r\n\r\nunzip the-1122-pack_$MODPACK_VERSION.zip\r\n\r\nrm -rf the-1122-pack_$MODPACK_VERSION.zip\r\n\r\n## install end\r\necho \"-----------------------------------------\"\r\necho \"Installation completed...\"\r\necho \"-----------------------------------------\""
        }
    },
    "variables": [
        {
            "name": "Modpack Version",
            "description": "Version of the modpack to use",
            "env_variable": "MODPACK_VERSION",
            "default_value": "1.5.5",
            "user_viewable": true,
            "user_editable": true,
            "rules": "required|string|max:20",
            "field_type": "text"
        }
    ]
}