{
    "_comment": "DO NOT EDIT: FILE GENERATED AUTOMATICALLY BY PANEL",
    "meta": {
        "version": "PLCN_v1",
        "update_url": null
    },
    "exported_at": "2025-05-27T11:05:16-07:00",
    "name": "CurseForge Generic",
    "author": "contact@chromozone.dev",
    "uuid": "019bbf16-a3f3-470a-9c0b-f3995b5e032a",
    "description": "A generic egg for a CurseForge modpack.",
    "tags": [],
    "features": [
        "eula",
        "java_version",
        "pid_limit"
    ],
    "docker_images": {
        "Java 21": "ghcr.io\/parkervcp\/yolks:java_21",
        "Java 17": "ghcr.io\/parkervcp\/yolks:java_17",
        "Java 16": "ghcr.io\/parkervcp\/yolks:java_16",
        "Java 11": "ghcr.io\/parkervcp\/yolks:java_11",
        "Java 8": "ghcr.io\/parkervcp\/yolks:java_8"
    },
    "file_denylist": [],
    "startup": "java $([[ -f user_jvm_args.txt ]] && printf %s \"@user_jvm_args.txt\") -Xms128M -Xmx{{SERVER_MEMORY}}M -Dterminal.jline=false -Dterminal.ansi=true $([[ ! -f unix_args.txt ]] && printf %s \"-jar `cat .serverjar`\" || printf %s \"@unix_args.txt\")",
    "config": {
        "files": "{\r\n    \"server.properties\": {\r\n        \"parser\": \"properties\",\r\n        \"find\": {\r\n            \"server-ip\": \"0.0.0.0\",\r\n            \"server-port\": \"{{server.allocations.default.port}}\",\r\n            \"query.port\": \"{{server.allocations.default.port}}\"\r\n        }\r\n    }\r\n}",
        "startup": "{\r\n    \"done\": \")! For help, type \"\r\n}",
        "logs": "{}",
        "stop": "stop"
    },
    "scripts": {
        "installation": {
            "script": "#!\/bin\/bash\r\n# shellcheck disable=SC2155\r\n#\r\n# CurseForge Installation Script\r\n#\r\n# Server Files: \/mnt\/server\r\n\r\n: \"${SERVER_DIR:=\/mnt\/server}\"\r\n: \"${PROJECT_ID:=}\"\r\n: \"${VERSION_ID:=}\"\r\n: \"${API_KEY:=}\"\r\n\r\nif [[ ! -d $SERVER_DIR ]]; then\r\n    mkdir -p \"$SERVER_DIR\"\r\nfi\r\n\r\nif ! cd \"$SERVER_DIR\"; then\r\n    echo -e \"Failed to change directory to ${SERVER_DIR}\"\r\n    exit 1\r\nfi\r\n\r\nfunction install_required {\r\n    echo -e \"Installing required packages...\"\r\n    echo -e \"\\tRunning apt update\"\r\n    apt update > \/dev\/null 2>&1 || { echo \"apt update failed!\"; exit 1; }\r\n    echo -e \"\\tRunning apt install\"\r\n    apt install -y wget jq unzip > \/dev\/null 2>&1 || { echo \"apt install failed!\"; exit 1; }\r\n}\r\n\r\nCURSEFORGE_API_URL=\"https:\/\/api.curseforge.com\/v1\/mods\/\"\r\nCURSEFORGE_API_HEADERS=(\"--header=Accept: application\/json\" \"--header=x-api-key: ${API_KEY}\")\r\n\r\nfunction get_download {\r\n    echo -e \"Retrieving CurseForge project information...\"\r\n    local PROJECT_DATA=$(wget -q \"${CURSEFORGE_API_HEADERS[@]}\" \"${CURSEFORGE_API_URL}${PROJECT_ID}\" -O -)\r\n    local PROJECT_TITLE=$(echo \"$PROJECT_DATA\" | jq -r '.data.name \/\/ empty')\r\n\r\n    if [[ -z \"${PROJECT_DATA}\" ]]; then\r\n        echo -e \"\\tERROR: Failed to retrieve project data for project id '${PROJECT_ID}'\"\r\n        exit 1\r\n    fi\r\n\r\n    local IS_SERVER_PACK=false\r\n\r\n    if [[ -z \"${VERSION_ID}\" || \"${VERSION_ID}\" == \"latest\" ]]; then\r\n        echo -e \"\\tNo file ID specified, using latest file\"\r\n        VERSION_ID=$(echo \"$PROJECT_DATA\" | jq -r '.data.mainFileId \/\/ empty')\r\n\r\n        local VERSION_SERVER_PACK=\"$(echo -e \"${PROJECT_DATA}\" | jq -r --arg VERSION_ID \"$VERSION_ID\" '.data.latestFiles[] | select(.id|tostring==$VERSION_ID) | .isServerPack')\"\r\n        local VERSION_SERVER_ID=\"$(echo -e \"${PROJECT_DATA}\" | jq -r --arg VERSION_ID \"$VERSION_ID\" '.data.latestFiles[] | select(.id|tostring==$VERSION_ID) | .serverPackFileId')\"\r\n\r\n        if [[ \"${VERSION_SERVER_PACK}\" == \"false\" && -n \"${VERSION_SERVER_ID}\" ]]; then\r\n            echo -e \"\\tFound server pack file id '${VERSION_SERVER_ID}'\"\r\n            VERSION_ID=$VERSION_SERVER_ID\r\n            IS_SERVER_PACK=true\r\n        elif [[ \"${VERSION_SERVER_PACK}\" == \"true\" ]]; then\r\n            IS_SERVER_PACK=true\r\n        fi\r\n    else\r\n        echo -e \"\\tChecking if provided file id '${VERSION_ID}' exists\"\r\n\r\n        local FILE_DATA=$(wget -q \"${CURSEFORGE_API_HEADERS[@]}\" \"${CURSEFORGE_API_URL}${PROJECT_ID}\/files\/${VERSION_ID}\" -O -)\r\n\r\n        if [[ -z \"${FILE_DATA}\" ]]; then\r\n            echo -e \"\\tERROR: File id '${VERSION_ID}' not found for project '${PROJECT_TITLE}'\"\r\n            exit 1\r\n        fi\r\n\r\n        IS_SERVER_PACK=$(echo -e \"${FILE_DATA}\" | jq -r '.data.isServerPack \/\/ \"false\"')\r\n\r\n        if [[ \"${IS_SERVER_PACK}\" == \"false\" ]]; then\r\n            local VERSION_SERVER_PACK=\"$(echo -e \"${FILE_DATA}\" | jq -r '.data.serverPackFileId \/\/ empty')\"\r\n            if [[ -n \"${VERSION_SERVER_PACK}\" ]]; then\r\n                echo -e \"\\tFound server pack file id '${VERSION_SERVER_PACK}'\"\r\n                VERSION_ID=$VERSION_SERVER_PACK\r\n                IS_SERVER_PACK=true\r\n            fi\r\n        else\r\n            IS_SERVER_PACK=true\r\n        fi\r\n    fi\r\n\r\n    # Check if version id is unset or empty string\r\n    if [[ -z \"${VERSION_ID}\" ]]; then\r\n        echo -e \"\\tERROR: No file id found for project '${PROJECT_TITLE}'\"\r\n        exit 1\r\n    fi\r\n\r\n    if [[ \"${IS_SERVER_PACK}\" == \"false\" ]]; then\r\n        echo -e \"\\tWARNING: File id '${VERSION_ID}' is not a server pack, attempting to use client files\"\r\n    fi\r\n\r\n    # get json data to work with\r\n    echo -e \"\\tRetrieving version information for '${VERSION_ID}'\"\r\n    local JSON_DATA=$(wget -q \"${CURSEFORGE_API_HEADERS[@]}\" \"${CURSEFORGE_API_URL}${PROJECT_ID}\/files\/${VERSION_ID}\/download-url\" -O -)\r\n\r\n    if [[ -z \"${JSON_DATA}\" ]]; then\r\n        echo -e \"\\tERROR: Failed to retrieve file data for file id '${VERSION_ID}'\"\r\n        exit 1\r\n    fi\r\n\r\n    echo -e \"\\tParsing CurseForge pack download url\"\r\n\r\n    local DOWNLOAD_URL=$(echo -e \"$JSON_DATA\" | jq -r '.data \/\/ empty')\r\n    if [[ -z \"${DOWNLOAD_URL}\" ]]; then\r\n        echo -e \"\\tERROR: No download url found for file ${VERSION_ID}\"\r\n        exit 1\r\n    fi\r\n\r\n    # download modpack files\r\n    echo -e \"\\tDownloading ${DOWNLOAD_URL}\"\r\n    if ! wget -q \"${DOWNLOAD_URL}\" -O server.zip; then\r\n        echo -e \"Download failed!\"\r\n        exit 1\r\n    fi\r\n}\r\n\r\nfunction get_loader {\r\n    echo -e \"Retrieving loader information...\"\r\n\r\n    local PROJECT_DATA=$(wget -q \"${CURSEFORGE_API_HEADERS[@]}\" \"${CURSEFORGE_API_URL}${PROJECT_ID}\" -O -)\r\n    local PROJECT_TITLE=$(echo \"$PROJECT_DATA\" | jq -r '.data.name \/\/ empty')\r\n    if [[ -z \"${PROJECT_DATA}\" ]]; then\r\n        echo -e \"\\tERROR: Failed to retrieve project data for project id '${PROJECT_ID}'\"\r\n        exit 1\r\n    fi\r\n\r\n    local FILE_DATA=$(wget -q \"${CURSEFORGE_API_HEADERS[@]}\" \"${CURSEFORGE_API_URL}${PROJECT_ID}\/files\/${VERSION_ID}\" -O -)\r\n\r\n    if [[ -z \"${FILE_DATA}\" ]]; then\r\n        echo -e \"\\tERROR: File id '${VERSION_ID}' not found for project '${PROJECT_TITLE}'\"\r\n        exit 1\r\n    fi\r\n\r\n    local IS_SERVER_PACK=$(echo -e \"${FILE_DATA}\" | jq -r '.data.isServerPack \/\/ \"false\"')\r\n    local CLIENT_VERSION_ID;\r\n\r\n    if [[ \"${IS_SERVER_PACK}\" == \"true\" ]]; then\r\n        CLIENT_VERSION_ID=\"$(echo -e \"${FILE_DATA}\" | jq -r '.data.parentProjectFileId \/\/ empty')\"\r\n    else\r\n        CLIENT_VERSION_ID=$VERSION_ID\r\n    fi\r\n\r\n    if [[ -z \"${CLIENT_VERSION_ID}\" ]]; then\r\n        echo -e \"\\tERROR: File id '${VERSION_ID}' not found for project '${PROJECT_TITLE}'\"\r\n        exit 1\r\n    fi\r\n\r\n    echo -e \"\\tRetrieving file information for '${CLIENT_VERSION_ID}'\"\r\n    local JSON_DATA=$(wget -q \"${CURSEFORGE_API_HEADERS[@]}\" \"${CURSEFORGE_API_URL}${PROJECT_ID}\/files\/${CLIENT_VERSION_ID}\/download-url\" -O -)\r\n\r\n    echo -e \"\\tParsing CurseForge pack download url\"\r\n\r\n    local DOWNLOAD_URL=$(echo -e \"$JSON_DATA\" | jq -r '.data \/\/ empty')\r\n\r\n    if [[ -z \"${DOWNLOAD_URL}\" ]]; then\r\n        echo -e \"\\tERROR: No download url found for file id ${CLIENT_VERSION_ID}\"\r\n        exit 1\r\n    fi\r\n\r\n    # download modpack files\r\n    echo -e \"\\tDownloading ${DOWNLOAD_URL}\"\r\n    wget -q \"${DOWNLOAD_URL}\" -O client.zip\r\n\r\n    echo -e \"\\tUnpacking client manifest\"\r\n    unzip -jo client.zip manifest.json -d \"${SERVER_DIR}\"\r\n    mv \"${SERVER_DIR}\/manifest.json\" \"${SERVER_DIR}\/client.manifest.json\" # rename to avoid conflicts with main manifest\r\n    rm -rf client.zip\r\n\r\n    echo -e \"\\tParsing client manifest\"\r\n    local MANIFEST=\"${SERVER_DIR}\/client.manifest.json\"\r\n\r\n    LOADER_ID=$(jq -r '.minecraft.modLoaders[]? | select(.primary == true) | .id' \"${MANIFEST}\")\r\n    LOADER_NAME=$(echo \"${LOADER_ID}\" | cut -d'-' -f1)\r\n    LOADER_VERSION=$(echo \"${LOADER_ID}\" | cut -d'-' -f2)\r\n\r\n    if [[ -z \"${LOADER_NAME}\" || -z \"${LOADER_VERSION}\" ]]; then\r\n        echo -e \"\\tERROR: No loader found in client manifest!\"\r\n        exit 1\r\n    fi\r\n\r\n    MINECRAFT_VERSION=$(jq -r '.minecraft.version \/\/ empty' \"${MANIFEST}\")\r\n\r\n    if [[ -z \"${MINECRAFT_VERSION}\" ]]; then\r\n        echo -e \"\\tERROR: No minecraft version found in client manifest!\"\r\n        exit 1\r\n    fi\r\n\r\n    echo -e \"\\tFound loader ${LOADER_NAME} ${LOADER_VERSION} for Minecraft ${MINECRAFT_VERSION}\"\r\n}\r\n\r\nfunction unzip-strip() (\r\n    set -u\r\n\r\n    local archive=$1\r\n    local destdir=${2:-}\r\n    shift; shift || :\r\n    echo -e \"\\tUnpacking ${archive} to ${destdir}\"\r\n\r\n    echo -e \"\\tCreating temporary directory\"\r\n    local tmpdir=\/mnt\/server\/tmp\r\n    if ! mkdir -p \"${tmpdir}\"; then\r\n        echo -e \"\\tERROR: mkdir failed to create temporary directory\"\r\n        return 1\r\n    fi\r\n\r\n    trap 'rm -rf -- \"$tmpdir\"' EXIT\r\n\r\n    echo -e \"\\tUnpacking archive\"\r\n\r\n    if ! unzip -q \"$archive\" -d \"$tmpdir\"; then\r\n        echo -e \"\\tERROR: unzip failed to unpack archive\"\r\n        return 1\r\n    fi\r\n\r\n    echo -e \"\\tSetting glob settings\"\r\n\r\n    shopt -s dotglob\r\n\r\n    echo -e \"\\tCleaning up directory structure\"\r\n\r\n    local files=(\"$tmpdir\"\/*) name i=1\r\n\r\n    if (( ${#files[@]} == 1 )) && [[ -d \"${files[0]}\" ]]; then\r\n        name=$(basename \"${files[0]}\")\r\n        files=(\"$tmpdir\"\/*\/*)\r\n    else\r\n        name=$(basename \"$archive\"); name=${archive%.*}\r\n        files=(\"$tmpdir\"\/*)\r\n    fi\r\n\r\n    if [[ -z \"$destdir\" ]]; then\r\n        destdir=.\/\"$name\"\r\n    fi\r\n\r\n    while [[ -f \"$destdir\" ]]; do\r\n        destdir=${destdir}-$((i++));\r\n    done\r\n\r\n    echo -e \"\\tCopying files to ${destdir}\"\r\n\r\n    mkdir -p \"$destdir\"\r\n    cp -ar \"$@\" -t \"$destdir\" -- \"${files[@]}\"\r\n    rm -rf \"$tmpdir\"\r\n)\r\n\r\nfunction unpack_zip {\r\n    echo -e \"Unpacking server files...\"\r\n    unzip-strip server.zip \"${SERVER_DIR}\"\r\n    rm -rf server.zip\r\n}\r\n\r\nfunction json_download_mods {\r\n    echo \"Downloading mods...\"\r\n\r\n    local MANIFEST=\"${SERVER_DIR}\/manifest.json\"\r\n    jq -c '.files[]? | select(.required == true) | {project: .projectID, file: .fileID}' \"${MANIFEST}\" | while read -r mod; do\r\n        local MOD_PROJECT_ID=$(echo \"${mod}\" | jq -r '.project \/\/ empty')\r\n        local MOD_FILE_ID=$(echo \"${mod}\" | jq -r '.file \/\/ empty')\r\n\r\n        if [[ -z \"${MOD_PROJECT_ID}\" || -z \"${MOD_FILE_ID}\" ]]; then\r\n            echo -e \"\\tERROR: Failed to parse project id or file id for mod '${mod}'\"\r\n            exit 1\r\n        fi\r\n\r\n        local FILE_URL=$(wget -q \"${CURSEFORGE_API_HEADERS[@]}\" \"${CURSEFORGE_API_URL}${MOD_PROJECT_ID}\/files\/${MOD_FILE_ID}\/download-url\" -O - | jq -r '.data \/\/ empty')\r\n\r\n        if [[ -z \"${FILE_URL}\" ]]; then\r\n            echo -e \"\\tERROR: No download url found for mod ${MOD_PROJECT_ID} ${MOD_FILE_ID}\"\r\n            continue\r\n        fi\r\n\r\n        echo -e \"\\tDownloading ${FILE_URL}\"\r\n\r\n        if ! wget -q -nc \"${FILE_URL}\" -P \"${SERVER_DIR}\/mods\"; then\r\n            echo -e \"\\tERROR: Failed to download mod ${MOD_PROJECT_ID} ${MOD_FILE_ID}\"\r\n            exit 1\r\n        fi\r\n    done\r\n}\r\n\r\nfunction json_download_overrides {\r\n    echo \"Copying overrides...\"\r\n    if [[ -d \"${SERVER_DIR}\/overrides\" ]]; then\r\n        cp -r \"${SERVER_DIR}\/overrides\/\"* \"${SERVER_DIR}\"\r\n        rm -r \"${SERVER_DIR}\/overrides\"\r\n    fi\r\n}\r\n\r\nFORGE_INSTALLER_URL=\"https:\/\/maven.minecraftforge.net\/net\/minecraftforge\/forge\/\"\r\n\r\nfunction json_download_forge {\r\n    echo \"Downloading Forge...\"\r\n\r\n    local MC_VERSION=$MINECRAFT_VERSION\r\n    local FORGE_VERSION=$LOADER_VERSION\r\n\r\n    FORGE_VERSION=\"${MC_VERSION}-${FORGE_VERSION}\"\r\n    if [[ \"${MC_VERSION}\" == \"1.7.10\" || \"${MC_VERSION}\" == \"1.8.9\" ]]; then\r\n        FORGE_VERSION=\"${FORGE_VERSION}-${MC_VERSION}\"\r\n    fi\r\n\r\n    local FORGE_JAR=\"forge-${FORGE_VERSION}.jar\"\r\n    if [[ \"${MC_VERSION}\" == \"1.7.10\" ]]; then\r\n        FORGE_JAR=\"forge-${FORGE_VERSION}-universal.jar\"\r\n    fi\r\n\r\n    local FORGE_URL=\"${FORGE_INSTALLER_URL}${FORGE_VERSION}\/forge-${FORGE_VERSION}\"\r\n\r\n    echo -e \"\\tUsing Forge ${FORGE_VERSION} from ${FORGE_URL}\"\r\n\r\n    local FORGE_INSTALLER=\"${FORGE_URL}-installer.jar\"\r\n    echo -e \"\\tDownloading Forge Installer ${FORGE_VERSION} from ${FORGE_INSTALLER}\"\r\n\r\n    if ! wget -q -O forge-installer.jar \"${FORGE_INSTALLER}\"; then\r\n        echo -e \"\\tERROR: Failed to download Forge Installer ${FORGE_VERSION}\"\r\n        exit 1\r\n    fi\r\n\r\n    # Remove old Forge files so we can safely update\r\n    rm -rf libraries\/net\/minecraftforge\/forge\/\r\n    rm -f unix_args.txt\r\n\r\n    echo -e \"\\tInstalling Forge Server ${FORGE_VERSION}\"\r\n    if ! java -jar forge-installer.jar --installServer > \/dev\/null 2>&1; then\r\n        echo -e \"\\tERROR: Failed to install Forge Server ${FORGE_VERSION}\"\r\n        exit 1\r\n    fi\r\n\r\n    if [[ $MC_VERSION =~ ^1\\.(17|18|19|20|21|22|23) || $FORGE_VERSION =~ ^1\\.(17|18|19|20|21|22|23) ]]; then\r\n        echo -e \"\\tDetected Forge 1.17 or newer version. Setting up Forge Unix arguments\"\r\n        ln -sf libraries\/net\/minecraftforge\/forge\/*\/unix_args.txt unix_args.txt\r\n    else\r\n        mv \"$FORGE_JAR\" forge-server-launch.jar\r\n        echo \"forge-server-launch.jar\" > \".serverjar\"\r\n    fi\r\n\r\n    rm -f forge-installer.jar\r\n}\r\n\r\nFABRIC_INSTALLER_URL=\"https:\/\/meta.fabricmc.net\/v2\/versions\/installer\"\r\n\r\nfunction json_download_fabric {\r\n    echo \"Downloading Fabric...\"\r\n\r\n    local MC_VERSION=$MINECRAFT_VERSION\r\n    local FABRIC_VERSION=$LOADER_VERSION\r\n\r\n    local INSTALLER_JSON=$(wget -q -O - ${FABRIC_INSTALLER_URL} )\r\n    local INSTALLER_VERSION=$(echo \"$INSTALLER_JSON\" | jq -r '.[0].version \/\/ empty')\r\n    local INSTALLER_URL=$(echo \"$INSTALLER_JSON\" | jq -r '.[0].url \/\/ empty')\r\n\r\n    if [[ -z \"${INSTALLER_VERSION}\" ]]; then\r\n        echo -e \"\\tERROR: No Fabric installer version found\"\r\n        exit 1\r\n    fi\r\n\r\n    if [[ -z \"${INSTALLER_URL}\" ]]; then\r\n        echo -e \"\\tERROR: No Fabric installer url found\"\r\n        exit 1\r\n    fi\r\n\r\n    echo -e \"\\tDownloading Fabric Installer ${MC_VERSION}-${FABRIC_VERSION} (${INSTALLER_VERSION}) from ${INSTALLER_URL}\"\r\n\r\n    if ! wget -q -O fabric-installer.jar \"${INSTALLER_URL}\"; then\r\n        echo -e \"\\tERROR: Failed to download Fabric Installer ${MC_VERSION}-${FABRIC_VERSION} (${INSTALLER_VERSION})\"\r\n        exit 1\r\n    fi\r\n\r\n    echo -e \"\\tInstalling Fabric Server ${MC_VERSION}-${FABRIC_VERSION} (${INSTALLER_VERSION})\"\r\n    if ! java -jar fabric-installer.jar server -mcversion \"${MC_VERSION}\" -loader \"${FABRIC_VERSION}\" -downloadMinecraft; then\r\n        echo -e \"\\tERROR: Failed to install Fabric Server ${MC_VERSION}-${FABRIC_VERSION} (${INSTALLER_VERSION})\"\r\n        exit 1\r\n    fi\r\n\r\n    echo \"fabric-server-launch.jar\" > \".serverjar\"\r\n\r\n    rm -f fabric-installer.jar\r\n}\r\n\r\nQUILT_INSTALLER_URL=\"https:\/\/meta.quiltmc.org\/v3\/versions\/installer\"\r\n\r\nfunction json_download_quilt {\r\n    echo \"Downloading Quilt...\"\r\n\r\n    local MC_VERSION=$MINECRAFT_VERSION\r\n    local QUILT_VERSION=$LOADER_VERSION\r\n\r\n    local INSTALLER_JSON=$(wget -q -O - ${QUILT_INSTALLER_URL} )\r\n    local INSTALLER_VERSION=$(echo \"$INSTALLER_JSON\" | jq -r '.[0].version \/\/ empty')\r\n    local INSTALLER_URL=$(echo \"$INSTALLER_JSON\" | jq -r '.[0].url \/\/ empty')\r\n\r\n    if [[ -z \"${INSTALLER_VERSION}\" ]]; then\r\n        echo -e \"\\tERROR: No Quilt installer version found\"\r\n        exit 1\r\n    fi\r\n\r\n    if [[ -z \"${INSTALLER_URL}\" ]]; then\r\n        echo -e \"\\tERROR: No Quilt installer URL found\"\r\n        exit 1\r\n    fi\r\n\r\n    echo -e \"\\tDownloading Quilt Installer ${MC_VERSION}-${QUILT_VERSION} (${INSTALLER_VERSION}) from ${INSTALLER_URL}\"\r\n\r\n    if ! wget -q -O quilt-installer.jar \"${INSTALLER_URL}\"; then\r\n        echo -e \"\\tERROR: Failed to download Quilt Installer ${MC_VERSION}-${QUILT_VERSION} (${INSTALLER_VERSION})\"\r\n        exit 1\r\n    fi\r\n\r\n    echo -e \"\\tInstalling Quilt Server ${MC_VERSION}-${QUILT_VERSION} (${INSTALLER_VERSION})\"\r\n    if ! java -jar quilt-installer.jar install server \"${MC_VERSION}\" \"${QUILT_VERSION}\" --download-server --install-dir=.\/; then\r\n        echo -e \"\\tERROR: Failed to install Quilt Server ${MC_VERSION}-${QUILT_VERSION} (${INSTALLER_VERSION})\"\r\n        exit 1\r\n    fi\r\n\r\n    echo \"quilt-server-launch.jar\" > \".serverjar\"\r\n\r\n    rm quilt-installer.jar\r\n}\r\n\r\nNEOFORGE_DOWNLOAD_URL=\"https:\/\/maven.neoforged.net\/releases\/net\/neoforged\/\"\r\n\r\nfunction json_download_neoforge {\r\n    echo \"Downloading neoforge\"\r\n    \r\n    local MC_VERSION=$MINECRAFT_VERSION\r\n    local NEOFORGE_VERSION=$LOADER_VERSION\r\n    \r\n    if [[ ! -z ${NEOFORGE_VERSION} ]]; then\r\n        # The 1.20.1 release lives in a different repository and is called \"forge\" instead of \"neoforge\"\r\n        if [[ \"${NEOFORGE_VERSION}\" =~ \"1.20.1-\" ]]; then\r\n            DOWNLOAD_LINK=$NEOFORGE_DOWNLOAD_URL\/forge\/${NEOFORGE_VERSION}\/forge-${NEOFORGE_VERSION}\r\n            ARTIFACT_NAME=\"forge\"\r\n        else\r\n            DOWNLOAD_LINK=$NEOFORGE_DOWNLOAD_URL\/neoforge\/${NEOFORGE_VERSION}\/neoforge-${NEOFORGE_VERSION}\r\n            ARTIFACT_NAME=\"neoforge\"\r\n        fi\r\n    else\r\n        echo \"No Neoforge version specified in manifest\"\r\n        exit 1\r\n    fi\r\n    \r\n    echo \"Downloading NeoForge version ${NEOFORGE_VERSION}\"\r\n    echo \"Download link is ${DOWNLOAD_LINK}\"\r\n\r\n    # Check if the download link we generated is valid\r\n    if [[ ! -z \"${DOWNLOAD_LINK}\" ]]; then\r\n        if wget -q --spider ${DOWNLOAD_LINK}-installer.jar; then\r\n            echo -e \"Installer jar download link is valid.\"\r\n        else\r\n            echo -e \"Link is invalid. Exiting now\"\r\n            exit 2\r\n        fi\r\n    else\r\n        echo -e \"No download link provided. Exiting now\"\r\n        exit 3\r\n    fi\r\n    \r\n    # If so, go ahead and download the installer\r\n    wget -O installer.jar ${DOWNLOAD_LINK}-installer.jar\r\n    \r\n    if [[ ! -f .\/installer.jar ]]; then\r\n        echo \"!!! Error downloading NeoForge version ${NEOFORGE_VERSION} !!!\"\r\n        exit 4\r\n    fi\r\n    \r\n    # Delete args to support downgrading\/upgrading\r\n    rm -rf libraries\/net\/neoforged\/${ARTIFACT_NAME}\r\n    rm unix_args.txt\r\n\r\n    # Installing server\r\n    echo -e \"Installing NeoForge server.\\n\"\r\n    java -jar installer.jar --installServer || {\r\n        echo -e \"\\nInstall failed using NeoForge version ${NEOFORGE_VERSION} and Minecraft version ${MINECRAFT_VERSION}.\"\r\n        echo -n   \"Should you be using unlimited memory value of 0, make sure to increase the default install resource limits in the Wings\"\r\n        echo      \"config or specify exact allocated memory in the server Build Configuration instead of 0!\"\r\n        echo      \"Otherwise, the NeoForge installer will not have enough memory.\";\r\n        exit 5;\r\n        }\r\n\r\n    # Symlink the startup arguments to the server directory\r\n    ln -sf libraries\/net\/neoforged\/${ARTIFACT_NAME}\/*\/unix_args.txt unix_args.txt\r\n\r\n    # And finally clean up\r\n    echo -e \"Deleting installer.jar file.\\n\"\r\n    rm -rf installer.jar\r\n}\r\n\r\ninstall_required\r\n\r\nif [[ -z \"${PROJECT_ID}\" ]]; then\r\n    echo \"ERROR: You must specify a PROJECT_ID environment variable!\"\r\n    exit 1\r\nfi\r\n\r\nif [[ ! \"${PROJECT_ID}\" = \"zip\" ]]; then\r\n\tget_download\r\nfi\r\n\r\nget_loader\r\nunpack_zip\r\n\r\nif [[ -f \"${SERVER_DIR}\/manifest.json\" ]]; then\r\n    echo \"Found manifest.json, installing mods\"\r\n    json_download_mods\r\n    json_download_overrides\r\nfi\r\n\r\nif [[ -f \"${SERVER_DIR}\/client.manifest.json\" ]]; then\r\n    MANIFEST=\"${SERVER_DIR}\/client.manifest.json\"\r\n    echo -e \"\\nLoader name: ${LOADER_NAME}\"\r\n\r\n    if [[ $LOADER_NAME == \"forge\" ]]; then\r\n        json_download_forge\r\n    fi\r\n\r\n    if [[ $LOADER_NAME == \"fabric\" ]]; then\r\n        json_download_fabric\r\n    fi\r\n    \r\n    if [[ $LOADER_NAME == \"neoforge\" ]]; then\r\n        json_download_neoforge\r\n    fi\r\n\r\n    if [[ $LOADER_NAME == \"quilt\" ]]; then\r\n        json_download_quilt\r\n    fi\r\nfi\r\n\r\necho -e \"\\nInstall completed succesfully, enjoy!\"",
            "container": "openjdk:8-jdk-slim",
            "entrypoint": "bash"
        }
    },
    "variables": [
        {
            "name": "Modpack Project ID",
            "description": "The modpack project ID from the CurseForge site on the pack page, or 'zip' if installing from an uploaded server.zip file.\r\n\r\nFor example, the project ID of https:\/\/www.curseforge.com\/minecraft\/modpacks\/bofa-mods is 375152",
            "env_variable": "PROJECT_ID",
            "default_value": "",
            "user_viewable": true,
            "user_editable": true,
            "rules": [
                "required",
                "string"
            ],
            "sort": 1
        },
        {
            "name": "Modpack File ID",
            "description": "The file ID belonging to a specific version of a modpack. Can either be the main file or the file ID associated with the server pack.\r\n\r\nIf not provided the script will attempt to retrieve the latest server pack or client pack available.",
            "env_variable": "VERSION_ID",
            "default_value": "latest",
            "user_viewable": true,
            "user_editable": true,
            "rules": [
                "string"
            ],
            "sort": 2
        },
        {
            "name": "CurseForge API Key",
            "description": "A CurseForge API key is required to use this egg. This key is not visible to the server owner. You can get an API key here: https:\/\/console.curseforge.com",
            "env_variable": "API_KEY",
            "default_value": "",
            "user_viewable": false,
            "user_editable": false,
            "rules": [
                "required",
                "string",
                "max:60"
            ],
            "sort": 3
        }
    ]
}