{
    "_comment": "DO NOT EDIT: FILE GENERATED AUTOMATICALLY BY PTERODACTYL PANEL - PTERODACTYL.IO",
    "meta": {
        "version": "PTDL_v2",
        "update_url": null
    },
    "exported_at": "2024-04-02T14:23:14+02:00",
    "name": "parkertron",
    "author": "parker@parkervcp.com",
    "description": "The stupid chatbot parkertron by Parkervcp.\r\n\r\nhttps:\/\/github.com\/parkervcp\/parkertron",
    "features": null,
    "docker_images": {
        "ghcr.io\/parkervcp\/yolks:bot_parkertron": "ghcr.io\/parkervcp\/yolks:bot_parkertron"
    },
    "file_denylist": [],
    "startup": ".\/parkertron",
    "config": {
        "files": "{}",
        "startup": "{\r\n    \"done\": \"Bot is now running\"\r\n}",
        "logs": "{}",
        "stop": "shutdown"
    },
    "scripts": {
        "installation": {
            "script": "#!\/bin\/bash\r\n# parkertron Installation Script\r\n#\r\n# Server Files: \/mnt\/server\r\nexport GOPATH=$HOME\/go\r\nexport PATH=$GOROOT\/bin:$GOPATH\/bin:$PATH\r\n\r\ncd\r\n\r\napt update\r\n\r\napt install -y tesseract-ocr tesseract-ocr-eng libtesseract-dev\r\n\r\necho \"pulling the parkertron git repo\"\r\n\r\ngit clone https:\/\/github.com\/parkervcp\/parkertron.git\r\n\r\ncd parkertron\/\r\n\r\necho \"building parkertron\"\r\n\r\ngo build \r\n\r\necho \"build complete copying parkertron and example configs over\"\r\n\r\ncp parkertron \/mnt\/server\/\r\n\r\nif [ -d \/mnt\/server\/configs ]; then\r\n    echo \"Files exist already\"\r\nelse\r\n    cp -r \/root\/parkertron\/configs\/ \/mnt\/server\/\r\nfi\r\n\r\necho \"Install complete. If you watched this. Congrats.\"",
            "container": "golang:1.19-bookworm",
            "entrypoint": "bash"
        }
    },
    "variables": []
}