{
    "_comment": "DO NOT EDIT: FILE GENERATED AUTOMATICALLY BY PANEL",
    "meta": {
        "update_url": null,
        "version": "PTDL_v2"
    },
    "exported_at": "2024-06-01T00:04:07+00:00",
    "name": "Custom HLDS Engine Game",
    "author": "parker@parkervcp.com",
    "description": "This option allows modifying the startup arguments and other details to run a custom HLDS based game on the panel.",
    "features": [
        "steam_disk_space"
    ],
    "docker_images": {
        "ghcr.io/parkervcp/games:source": "ghcr.io/parkervcp/games:source"
    },
    "file_denylist": [],
    "startup": "./hlds_run -console -game {{HLDS_GAME}} -port {{SERVER_PORT}} -sport {{VAC_PORT}} +map {{SRCDS_MAP}} +ip 0.0.0.0 -strictportbind -norestart",
    "config": {
        "files": "{}",
        "logs": "{}",
        "startup": "{\r\n    \"done\": \"Connection to Steam servers successful\"\r\n}",
        "stop": "quit"
    },
    "scripts": {
        "installation": {
            "container": "ghcr.io/parkervcp/installers:debian",
            "entrypoint": "bash",
            "script": "#!/bin/bash\r\n# SRCDS Base Installation Script\r\n#\r\n# Server Files: /mnt/server\r\n\r\n# just in case someone removed the defaults.\r\nif [[ \"${STEAM_USER}\" == \"\" ]] || [[ \"${STEAM_PASS}\" == \"\" ]]; then\r\n    echo -e \"steam user is not set.\\n\"\r\n    echo -e \"Using anonymous user.\\n\"\r\n    STEAM_USER=anonymous\r\n    STEAM_PASS=\"\"\r\n    STEAM_AUTH=\"\"\r\nelse\r\n    echo -e \"user set to ${STEAM_USER}\"\r\nfi\r\n\r\n## download and install steamcmd\r\ncd /tmp\r\nmkdir -p /mnt/server/steamcmd\r\ncurl -sSL -o steamcmd.tar.gz https://steamcdn-a.akamaihd.net/client/installer/steamcmd_linux.tar.gz\r\ntar -xzvf steamcmd.tar.gz -C /mnt/server/steamcmd\r\nmkdir -p /mnt/server/steamapps # Fix steamcmd disk write error when this folder is missing\r\ncd /mnt/server/steamcmd\r\n\r\n# SteamCMD fails otherwise for some reason, even running as root.\r\n# This is changed at the end of the install process anyways.\r\nchown -R root:root /mnt\r\nexport HOME=/mnt/server\r\n\r\n\r\n## install game using steamcmd\r\n./steamcmd.sh +force_install_dir /mnt/server +login ${STEAM_USER} ${STEAM_PASS} ${STEAM_AUTH}  +app_set_config 90 mod ${HLDS_GAME} $( [[ \"${WINDOWS_INSTALL}\" == \"1\" ]] \u0026\u0026 printf %s '+@sSteamCmdForcePlatformType windows' ) +app_update ${SRCDS_APPID} $( [[ -z ${SRCDS_BETAID} ]] || printf %s \"-beta ${SRCDS_BETAID}\" ) $( [[ -z ${SRCDS_BETAPASS} ]] || printf %s \"-betapassword ${SRCDS_BETAPASS}\" ) ${INSTALL_FLAGS} validate +quit\r\n\r\n\r\n## set up 32 bit libraries\r\nmkdir -p /mnt/server/.steam/sdk32\r\ncp -v linux32/steamclient.so ../.steam/sdk32/steamclient.so\r\n\r\n## set up 64 bit libraries\r\nmkdir -p /mnt/server/.steam/sdk64\r\ncp -v linux64/steamclient.so ../.steam/sdk64/steamclient.so\r\n\r\n## install end\r\necho \"-----------------------------------------\"\r\necho \"Installation completed...\"\r\necho \"-----------------------------------------\""
        }
    },
    "variables": [
        {
            "name": "Game ID",
            "description": "The ID corresponding to the game to download and run using HLDS.\r\n\r\nThe HLDS server ID is 90. This should not be changed.",
            "env_variable": "SRCDS_APPID",
            "default_value": "90",
            "user_viewable": false,
            "user_editable": false,
            "rules": "required|numeric|in:90",
            "field_type": "text"
        },
        {
            "name": "Game Name",
            "description": "The name corresponding to the game to download and run using HLDS.\r\n\r\nall the HLDS server names are here - https://developer.valvesoftware.com/wiki/Dedicated_Server_Name_Enumeration",
            "env_variable": "HLDS_GAME",
            "default_value": "cstrike",
            "user_viewable": true,
            "user_editable": true,
            "rules": "required|alpha_dash|between:1,100",
            "field_type": "text"
        },
        {
            "name": "Map",
            "description": "The default map for the server.",
            "env_variable": "SRCDS_MAP",
            "default_value": "de_dust2",
            "user_viewable": true,
            "user_editable": true,
            "rules": "required|string|alpha_dash",
            "field_type": "text"
        },
        {
            "name": "VAC port",
            "description": "Specifies the VAC port the server should use. Default is 26900.",
            "env_variable": "VAC_PORT",
            "default_value": "26900",
            "user_viewable": true,
            "user_editable": false,
            "rules": "required|numeric|digits_between:1,5",
            "field_type": "text"
        },
        {
            "name": "Steam Username",
            "description": "Steam account used to download files (Defaults to anonymous)",
            "env_variable": "STEAM_USER",
            "default_value": "",
            "user_viewable": false,
            "user_editable": false,
            "rules": "nullable|string|max:32",
            "field_type": "text"
        },
        {
            "name": "Steam Password",
            "description": "Password for Steam account",
            "env_variable": "STEAM_PASS",
            "default_value": "",
            "user_viewable": false,
            "user_editable": false,
            "rules": "nullable|string|max:64",
            "field_type": "text"
        },
        {
            "name": "Steam Auth",
            "description": "Steam Guard 2FA code for account",
            "env_variable": "STEAM_AUTH",
            "default_value": "",
            "user_viewable": false,
            "user_editable": false,
            "rules": "nullable|string|max:20",
            "field_type": "text"
        },
        {
            "name": "Beta branch",
            "description": "Leave empty for the public branch, for the legacy version select steam_legacy.",
            "env_variable": "SRCDS_BETAID",
            "default_value": "",
            "user_viewable": true,
            "user_editable": true,
            "rules": "nullable|string|in:,steam_legacy",
            "field_type": "text"
        },
        {
            "name": "Auto update",
            "description": "Auto update on restart",
            "env_variable": "AUTO_UPDATE",
            "default_value": "0",
            "user_viewable": true,
            "user_editable": true,
            "rules": "required|boolean",
            "field_type": "text"
        }
    ]
}