{
    "_comment": "DO NOT EDIT: FILE GENERATED AUTOMATICALLY BY PTERODACTYL PANEL - PTERODACTYL.IO",
    "meta": {
        "version": "PTDL_v2",
        "update_url": null
    },
    "exported_at": "2025-02-16T18:12:25+00:00",
    "name": "Icarus-Dedicated",
    "author": "bolverblitz@ebg.pw",
    "description": "Icarus is a survival game that with dedicated servers as a public beta",
    "features": [
        "steam_disk_space"
    ],
    "docker_images": {
        "Wine Latest": "ghcr.io\/parkervcp\/yolks:wine_latest"
    },
    "file_denylist": [],
    "startup": "wine64 .\/Icarus\/Binaries\/Win64\/IcarusServer-Win64-Shipping.exe -Log -SteamServerName=\"{{SERVER_NAME}}\" -PORT=\"${SERVER_PORT}\" -QueryPort=\"${QUERY_PORT}\"",
    "config": {
        "files": "{}",
        "startup": "{\r\n    \"done\": [\r\n        \"(Engine Initialization) Total time:\",\r\n        \"Game Engine Initialized\"\r\n    ]\r\n}",
        "logs": "{}",
        "stop": "^C"
    },
    "scripts": {
        "installation": {
            "script": "# install\r\n#!\/bin\/bash\r\n\r\n## License: MIT License\r\n## Image to install with is 'ghcr.io\/parkervcp\/installers:debian'\r\n\r\nif [[ \"${STEAM_USER}\" == \"\" ]] || [[ \"${STEAM_PASS}\" == \"\" ]]; then\r\n    echo -e \"steam user is not set.\\n\"\r\n    echo -e \"Using anonymous user.\\n\"\r\n    STEAM_USER=anonymous\r\n    STEAM_PASS=\"\"\r\n    STEAM_AUTH=\"\"\r\nelse\r\n    echo -e \"user set to ${STEAM_USER}\"\r\nfi\r\n\r\n## download and install steamcmd\r\ncd \/tmp\r\nmkdir -p \/mnt\/server\/steamcmd\r\ncurl -sSL -o steamcmd.tar.gz https:\/\/steamcdn-a.akamaihd.net\/client\/installer\/steamcmd_linux.tar.gz\r\ntar -xzvf steamcmd.tar.gz -C \/mnt\/server\/steamcmd\r\nmkdir -p \/mnt\/server\/steamapps # Fix steamcmd disk write error when this folder is missing\r\ncd \/mnt\/server\/steamcmd\r\n\r\n# SteamCMD fails otherwise for some reason, even running as root.\r\n# This is changed at the end of the install process anyways.\r\nchown -R root:root \/mnt\r\nexport HOME=\/mnt\/server\r\n\r\n## install game using steamcmd\r\n.\/steamcmd.sh +force_install_dir \/mnt\/server +login ${STEAM_USER} ${STEAM_PASS} ${STEAM_AUTH} $( [[ \"${WINDOWS_INSTALL}\" == \"1\" ]] && printf %s '+@sSteamCmdForcePlatformType windows' )  +app_update 1007 +app_update ${SRCDS_APPID} validate +quit\r\n\r\n## set up 32 bit libraries\r\nmkdir -p \/mnt\/server\/.steam\/sdk32\r\ncp -v linux32\/steamclient.so ..\/.steam\/sdk32\/steamclient.so\r\n\r\n## set up 64 bit libraries\r\nmkdir -p \/mnt\/server\/.steam\/sdk64\r\ncp -v linux64\/steamclient.so ..\/.steam\/sdk64\/steamclient.so\r\n\r\nFILE=\/mnt\/server\/Icarus\/Saved\/Config\/ServerSettings.ini\r\nif [ -f \"$FILE\" ]; then\r\n    echo \"Config already exist skipping\"\r\nelse \r\n    echo \"Config does not yet exist, making one\"\r\n    mkdir -p \/mnt\/server\/Icarus\/Saved\/Config\/\r\n    cd \/mnt\/server\/Icarus\/Saved\/Config\/\r\n    curl -sSL -o ServerSettings.ini https:\/\/raw.githubusercontent.com\/RocketWerkz\/IcarusDedicatedServer\/main\/ServerSettings.ini\r\nfi\r\n\r\n## install end\r\necho \"-----------------------------------------\"\r\necho \"Installation completed...\"\r\necho \"-----------------------------------------\"",
            "container": "ghcr.io\/parkervcp\/installers:debian",
            "entrypoint": "\/bin\/bash"
        }
    },
    "variables": [
        {
            "name": "[REQUIRED] Server Query Port",
            "description": "UDP port for Steam server list features.",
            "env_variable": "QUERY_PORT",
            "default_value": "27015",
            "user_viewable": true,
            "user_editable": true,
            "rules": "required|integer|between:1024,65536",
            "field_type": "text"
        },
        {
            "name": "Server Name",
            "description": "",
            "env_variable": "SERVER_NAME",
            "default_value": "IcarusEGG",
            "user_viewable": true,
            "user_editable": true,
            "rules": "required|string|max:32",
            "field_type": "text"
        },
        {
            "name": "Windows Install Flag",
            "description": "Required for windows game server installs",
            "env_variable": "WINDOWS_INSTALL",
            "default_value": "1",
            "user_viewable": false,
            "user_editable": false,
            "rules": "required|boolean",
            "field_type": "text"
        },
        {
            "name": "SRCDS_APPID",
            "description": "steam app id found here - https:\/\/developer.valvesoftware.com\/wiki\/Dedicated_Servers_List",
            "env_variable": "SRCDS_APPID",
            "default_value": "2089300",
            "user_viewable": false,
            "user_editable": false,
            "rules": "required|string|in:2089300",
            "field_type": "text"
        },
        {
            "name": "AUTO_UPDATE",
            "description": "Disabling or enabling automated updates on boot",
            "env_variable": "AUTO_UPDATE",
            "default_value": "1",
            "user_viewable": true,
            "user_editable": true,
            "rules": "required|boolean",
            "field_type": "text"
        }
    ]
}