{
    "_comment": "DO NOT EDIT: FILE GENERATED AUTOMATICALLY BY PANEL",
    "meta": {
        "update_url": null,
        "version": "PTDL_v2"
    },
    "exported_at": "2024-06-01T00:03:50+00:00",
    "name": "Assetto Corsa",
    "author": "admin@softwarenoob.com",
    "description": "Assetto Corsa (Italian for \"Race Setup\") is a sim racing video game developed by the Italian video game developer Kunos Simulazioni. It is designed with an emphasis on a realistic racing experience with support for extensive customization and moddability",
    "features": [
        "steam_disk_space"
    ],
    "docker_images": {
        "ghcr.io/parkervcp/steamcmd:debian": "ghcr.io/parkervcp/steamcmd:debian"
    },
    "file_denylist": [],
    "startup": "./acServer",
    "config": {
        "files": "{\r\n    \"cfg/server_cfg.ini\": {\r\n        \"parser\": \"file\",\r\n        \"find\": {\r\n            \"NAME\": \"NAME={{server.build.env.HOSTNAME}}\",\r\n            \"PASSWORD\": \"PASSWORD={{server.build.env.PASSWORD}}\",\r\n            \"ADMIN_PASSWORD\": \"ADMIN_PASSWORD={{server.build.env.ADM_PASSWORD}}\",\r\n            \"UDP_PORT\": \"UDP_PORT={{server.build.default.port}}\",\r\n            \"TCP_PORT\": \"TCP_PORT={{server.build.default.port}}\",\r\n            \"HTTP_PORT\": \"HTTP_PORT={{server.build.env.HTTP_PORT}}\"\r\n        }\r\n    }\r\n}",
        "logs": "{}",
        "startup": "{\r\n    \"done\": \"Server started\"\r\n}",
        "stop": "^C"
    },
    "scripts": {
        "installation": {
            "container": "ghcr.io/parkervcp/installers:debian",
            "entrypoint": "bash",
            "script": "#!/bin/bash\r\n\r\n## just in case someone removed the defaults.\r\nif [[ \"${STEAM_USER}\" == \"\" ]] || [[ \"${STEAM_PASS}\" == \"\" ]]; then\r\n    echo -e \"steam user is not set.\\n\"\r\n    echo -e \"Using anonymous user.\\n\"\r\n    STEAM_USER=anonymous\r\n    STEAM_PASS=\"\"\r\n    STEAM_AUTH=\"\"\r\nelse\r\n    echo -e \"user set to ${STEAM_USER}\"\r\nfi\r\n\r\n## download and install steamcmd\r\ncd /tmp\r\nmkdir -p /mnt/server/steamcmd\r\ncurl -sSL -o steamcmd.tar.gz https://steamcdn-a.akamaihd.net/client/installer/steamcmd_linux.tar.gz\r\ntar -xzvf steamcmd.tar.gz -C /mnt/server/steamcmd\r\nmkdir -p /mnt/server/steamapps # Fix steamcmd disk write error when this folder is missing\r\ncd /mnt/server/steamcmd\r\n\r\n# SteamCMD fails otherwise for some reason, even running as root.\r\n# This is changed at the end of the install process anyways.\r\nchown -R root:root /mnt\r\nexport HOME=/mnt/server\r\n\r\n## install game using steamcmd\r\n./steamcmd.sh +force_install_dir /mnt/server +login ${STEAM_USER} ${STEAM_PASS} ${STEAM_AUTH} $( [[ \"${WINDOWS_INSTALL}\" == \"1\" ]] \u0026\u0026 printf %s '+@sSteamCmdForcePlatformType windows' ) +app_update ${SRCDS_APPID} $( [[ -z ${SRCDS_BETAID} ]] || printf %s \"-beta ${SRCDS_BETAID}\" ) $( [[ -z ${SRCDS_BETAPASS} ]] || printf %s \"-betapassword ${SRCDS_BETAPASS}\" ) ${INSTALL_FLAGS} validate +quit\r\n\r\n## set up 32 bit libraries\r\nmkdir -p /mnt/server/.steam/sdk32\r\ncp -v linux32/steamclient.so ../.steam/sdk32/steamclient.so\r\n\r\n## set up 64 bit libraries\r\nmkdir -p /mnt/server/.steam/sdk64\r\ncp -v linux64/steamclient.so ../.steam/sdk64/steamclient.so\r\n\r\nif [ \"${STEAM_USER}\" == \"anonymous\" ]; then\r\n    echo -e \"ERROR - STEAM USER NOT SET\\n\"\r\n    echo -e \"Steam account must have the dedicated server in library to install and host the game\\n\"\r\n    echo -e \"You must configure Steam account in the server startup variables, after that reinstall the server\\n\"\r\nfi\r\n\r\n## install end\r\necho \"-----------------------------------------\"\r\necho \"Installation completed...\"\r\necho \"-----------------------------------------\""
        }
    },
    "variables": [
        {
            "name": "Steam Username",
            "description": "A steam username of an account that owns the game is required",
            "env_variable": "STEAM_USER",
            "default_value": "",
            "user_viewable": true,
            "user_editable": true,
            "rules": "required|string",
            "field_type": "text"
        },
        {
            "name": "Steam Password",
            "description": "Steam User Password",
            "env_variable": "STEAM_PASS",
            "default_value": "",
            "user_viewable": true,
            "user_editable": true,
            "rules": "required|string",
            "field_type": "text"
        },
        {
            "name": "Steam Auth Code",
            "description": "Steam Auth Code required if the Steam Account is using Steam Auth. Slow installs will cause the code to expire before it can be used.",
            "env_variable": "STEAM_AUTH",
            "default_value": "",
            "user_viewable": true,
            "user_editable": true,
            "rules": "nullable|string",
            "field_type": "text"
        },
        {
            "name": "Server Name",
            "description": "Name of the server",
            "env_variable": "HOSTNAME",
            "default_value": "Pterodactyl Server",
            "user_viewable": true,
            "user_editable": true,
            "rules": "required|string|max:45",
            "field_type": "text"
        },
        {
            "name": "Server Password",
            "description": "If enabled players must enter the password to join the server",
            "env_variable": "PASSWORD",
            "default_value": "",
            "user_viewable": true,
            "user_editable": true,
            "rules": "nullable|string|max:40",
            "field_type": "text"
        },
        {
            "name": "Admin Password",
            "description": "Used to login as server administrator, type /help in-game for more",
            "env_variable": "ADMIN_PASSWORD",
            "default_value": "",
            "user_viewable": true,
            "user_editable": true,
            "rules": "required|string|max:40|min:8",
            "field_type": "text"
        },
        {
            "name": "HTTP Port",
            "description": "HTTP Port",
            "env_variable": "HTTP_PORT",
            "default_value": "",
            "user_viewable": false,
            "user_editable": false,
            "rules": "nullable|int",
            "field_type": "text"
        },
        {
            "name": "SRCDS_APPID",
            "description": "",
            "env_variable": "SRCDS_APPID",
            "default_value": "302550",
            "user_viewable": false,
            "user_editable": false,
            "rules": "required|string|max:20",
            "field_type": "text"
        },
        {
            "name": "Auto Update",
            "description": "autoupdate Server on start or restart. 1 = on; 0 = off",
            "env_variable": "AUTO_UPDATE",
            "default_value": "1",
            "user_viewable": true,
            "user_editable": true,
            "rules": "required|boolean",
            "field_type": "text"
        },
        {
            "name": "Windows Install",
            "description": "Required to always install and update the correct version of the game.",
            "env_variable": "WINDOWS_INSTALL",
            "default_value": "1",
            "user_viewable": false,
            "user_editable": false,
            "rules": "required|boolean",
            "field_type": "text"
        }
    ]
}