{
    "_comment": "DO NOT EDIT: FILE GENERATED AUTOMATICALLY BY PANEL",
    "meta": {
        "version": "PLCN_v1",
        "update_url": null
    },
    "exported_at": "2024-11-02T08:50:15+00:00",
    "name": "MohistMC",
    "author": "alex.chang-lam@protonmail.com",
    "uuid": "4f2bddcc-90ce-4cac-8ad7-fafa0d91381b",
    "description": "Spigot fork with performance optimizations.",
    "features": [
        "eula",
        "java_version",
        "pid_limit"
    ],
    "docker_images": {
        "Java 8": "ghcr.io\/parkervcp\/yolks:java_8",
        "Java 11": "ghcr.io\/parkervcp\/yolks:java_11",
        "Java 16": "ghcr.io\/parkervcp\/yolks:java_16",
        "Java 17": "ghcr.io\/parkervcp\/yolks:java_17",
        "java 21": "ghcr.io\/parkervcp\/yolks:java_21"
    },
    "file_denylist": [],
    "startup": "java -Xms128M -XX:MaxRAMPercentage=95.0 -Dterminal.jline=false -Dterminal.ansi=true -jar {{SERVER_JARFILE}}",
    "config": {
        "files": "{\r\n    \"server.properties\": {\r\n        \"parser\": \"properties\",\r\n        \"find\": {\r\n            \"server-ip\": \"0.0.0.0\",\r\n            \"server-port\": \"{{server.allocations.default.port}}\"\r\n        }\r\n    }\r\n}",
        "startup": "{\r\n    \"done\": \")! For help, type \"\r\n}",
        "logs": "{}",
        "stop": "stop"
    },
    "scripts": {
        "installation": {
            "script": "#!\/bin\/ash\r\n# MohistMC Installation Script\r\n#\r\n# Server Files: \/mnt\/server\r\n\r\nif [ -n \"${DL_PATH}\" ]; then\r\n\techo -e \"Using supplied download url: ${DL_PATH}\"\r\n\tDOWNLOAD_URL=`eval echo $(echo ${DL_PATH} | sed -e 's\/{{\/${\/g' -e 's\/}}\/}\/g')`\r\nelse\r\n\tVER_EXISTS=`curl -s https:\/\/mohistmc.com\/api\/v2\/projects\/${PROJECT} | jq -r --arg version ${MC_VERSION} '.versions | index($version)'`\r\n\tLATEST_VERSION=`curl -s https:\/\/mohistmc.com\/api\/v2\/projects\/${PROJECT} | jq -r '.versions[-1]'`\r\n\r\n\tif [ \"${VER_EXISTS}\" != \"null\" ]; then\r\n\t\techo -e \"Version is valid. Using version ${MC_VERSION}\"\r\n\telse\r\n\t\techo -e \"Specified version not found. Defaulting to the latest ${PROJECT} version\"\r\n\t\tMC_VERSION=${LATEST_VERSION}\r\n\tfi\r\n\r\n\tBUILD_EXISTS=`curl -s https:\/\/mohistmc.com\/api\/v2\/projects\/${PROJECT}\/${MC_VERSION}\/builds | jq -r --arg BUILD ${BUILD_NUMBER} '.builds[] | tostring | contains($BUILD)' | grep -m1 true`\r\n\tLATEST_BUILD=`curl -s https:\/\/mohistmc.com\/api\/v2\/projects\/${PROJECT}\/${MC_VERSION}\/builds | jq -r '.builds[-1]' | jq -r '.number'`\r\n\r\n\tif [ \"${BUILD_EXISTS}\" == \"true\" ] && [ \"${BUILD_EXISTS}\" != \"null\" ]; then\r\n\t\techo -e \"Build is valid for version ${MC_VERSION}. Using build ${BUILD_NUMBER}\"\r\n\telse\r\n\t\techo -e \"Using the latest ${PROJECT} build for version ${MC_VERSION}\"\r\n\t\tBUILD_NUMBER=${LATEST_BUILD}\r\n\tfi\r\n\r\n\tJAR_NAME=${PROJECT}-${MC_VERSION}-${BUILD_NUMBER}.jar\r\n\r\n\techo \"Version being downloaded\"\r\n\techo -e \"MC Version: ${MC_VERSION}\"\r\n\techo -e \"Build: ${BUILD_NUMBER}\"\r\n\techo -e \"JAR Name of Build: ${JAR_NAME}\"\r\n\tDOWNLOAD_URL=https:\/\/mohistmc.com\/api\/v2\/projects\/${PROJECT}\/${MC_VERSION}\/builds\/${BUILD_NUMBER}\/download\r\nfi\r\n\r\ncd \/mnt\/server\r\n\r\necho -e \"Running curl -o ${SERVER_JARFILE} ${DOWNLOAD_URL}\"\r\n\r\nif [ -f ${SERVER_JARFILE} ]; then\r\n\tmv ${SERVER_JARFILE} ${SERVER_JARFILE}.old\r\nfi\r\n\r\ncurl -o ${SERVER_JARFILE} ${DOWNLOAD_URL}",
            "container": "ghcr.io\/pelican-eggs\/installers:alpine",
            "entrypoint": "ash"
        }
    },
    "variables": [
        {
            "sort": 1,
            "name": "Server Jar File",
            "description": "The name of the jarfile to run the server with.",
            "env_variable": "SERVER_JARFILE",
            "default_value": "server.jar",
            "user_viewable": true,
            "user_editable": false,
            "rules": [
                "required",
                "string",
                "max:20"
            ]
        },
        {
            "sort": 2,
            "name": "Minecraft Version",
            "description": "The version of Minecraft to download.",
            "env_variable": "MC_VERSION",
            "default_value": "1.20.1",
            "user_viewable": true,
            "user_editable": true,
            "rules": [
                "required",
                "string",
                "max:20"
            ]
        },
        {
            "sort": 3,
            "name": "Build Number",
            "description": "Optional: \r\nThe build number for the Mohist release. Overrides Build Type.",
            "env_variable": "BUILD_NUMBER",
            "default_value": "",
            "user_viewable": true,
            "user_editable": true,
            "rules": [
                "nullable",
                "string",
                "max:20"
            ]
        },
        {
            "sort": 4,
            "name": "Project",
            "description": "The type of version to download.",
            "env_variable": "PROJECT",
            "default_value": "mohist",
            "user_viewable": true,
            "user_editable": true,
            "rules": [
                "required",
                "string",
                "in:mohist,banner"
            ]
        },
        {
            "sort": 5,
            "name": "Download Path",
            "description": "A URL to use to download a server.jar rather than the ones in the install script. This is not user viewable.",
            "env_variable": "DL_PATH",
            "default_value": "",
            "user_viewable": false,
            "user_editable": false,
            "rules": [
                "nullable",
                "string"
            ]
        }
    ]
}