{
    "_comment": "DO NOT EDIT: FILE GENERATED AUTOMATICALLY BY PANEL",
    "meta": {
        "update_url": null,
        "version": "PTDL_v2"
    },
    "exported_at": "2024-06-01T19:40:19+00:00",
    "name": "Travertine",
    "author": "parker@parkervcp.com",
    "description": "Travertine is a fork of Waterfall with 1.7 protocol support. Waterfall is a fork of the well-known BungeeCord server teleportation suite.",
    "features": [
        "eula",
        "java_version",
        "pid_limit"
    ],
    "docker_images": {
        "ghcr.io/parkervcp/yolks:java_11": "ghcr.io/parkervcp/yolks:java_11",
        "ghcr.io/parkervcp/yolks:java_16": "ghcr.io/parkervcp/yolks:java_16",
        "ghcr.io/parkervcp/yolks:java_17": "ghcr.io/parkervcp/yolks:java_17",
        "ghcr.io/parkervcp/yolks:java_8": "ghcr.io/parkervcp/yolks:java_8"
    },
    "file_denylist": [],
    "startup": "java -Xms128M -Xmx{{SERVER_MEMORY}}M -Dterminal.jline=false -Dterminal.ansi=true -jar {{SERVER_JARFILE}}",
    "config": {
        "files": "{\r\n    \"config.yml\": {\r\n        \"parser\": \"yaml\",\r\n        \"find\": {\r\n            \"listeners[0].host\": \"0.0.0.0:{{server.build.default.port}}\",\r\n            \"servers.*.address\": {\r\n                \"127.0.0.1\": \"{{config.docker.interface}}\",\r\n                \"localhost\": \"{{config.docker.interface}}\"\r\n            }\r\n        }\r\n    }\r\n}",
        "logs": "{}",
        "startup": "{\r\n    \"done\": \"Listening on \"\r\n}",
        "stop": "end"
    },
    "scripts": {
        "installation": {
            "container": "ghcr.io/parkervcp/installers:debian",
            "entrypoint": "bash",
            "script": "#!/bin/bash\r\n# Travertine Installation Script\r\n#\r\n# Server Files: /mnt/server\r\nPROJECT=travertine\r\n\r\nif [ -n \"${DL_PATH}\" ]; then\r\n\techo -e \"Using supplied download url: ${DL_PATH}\"\r\n\tDOWNLOAD_URL=`eval echo $(echo ${DL_PATH} | sed -e 's/{{/${/g' -e 's/}}/}/g')`\r\nelse\r\n\tVER_EXISTS=`curl -s https://api.papermc.io/v2/projects/${PROJECT} | jq -r --arg VERSION $MINECRAFT_VERSION '.versions[] | contains($VERSION)' | grep true`\r\n\tLATEST_VERSION=`curl -s https://api.papermc.io/v2/projects/${PROJECT} | jq -r '.versions' | jq -r '.[-1]'`\r\n\r\n\tif [ \"${VER_EXISTS}\" == \"true\" ]; then\r\n\t\techo -e \"Version is valid. Using version ${MINECRAFT_VERSION}\"\r\n\telse\r\n\t\techo -e \"Using the latest ${PROJECT} version\"\r\n\t\tMINECRAFT_VERSION=${LATEST_VERSION}\r\n\tfi\r\n\t\r\n\tBUILD_EXISTS=`curl -s https://api.papermc.io/v2/projects/${PROJECT}/versions/${MINECRAFT_VERSION} | jq -r --arg BUILD ${BUILD_NUMBER} '.builds[] | tostring | contains($BUILD)' | grep true`\r\n\tLATEST_BUILD=`curl -s https://api.papermc.io/v2/projects/${PROJECT}/versions/${MINECRAFT_VERSION} | jq -r '.builds' | jq -r '.[-1]'`\r\n\t\r\n\tif [ \"${BUILD_EXISTS}\" == \"true\" ]; then\r\n\t\techo -e \"Build is valid for version ${MINECRAFT_VERSION}. Using build ${BUILD_NUMBER}\"\r\n\telse\r\n\t\techo -e \"Using the latest ${PROJECT} build for version ${MINECRAFT_VERSION}\"\r\n\t\tBUILD_NUMBER=${LATEST_BUILD}\r\n\tfi\r\n\t\r\n\tJAR_NAME=${PROJECT}-${MINECRAFT_VERSION}-${BUILD_NUMBER}.jar\r\n\t\r\n\techo \"Version being downloaded\"\r\n\techo -e \"MC Version: ${MINECRAFT_VERSION}\"\r\n\techo -e \"Build: ${BUILD_NUMBER}\"\r\n\techo -e \"JAR Name of Build: ${JAR_NAME}\"\r\n\tDOWNLOAD_URL=https://api.papermc.io/v2/projects/${PROJECT}/versions/${MINECRAFT_VERSION}/builds/${BUILD_NUMBER}/downloads/${JAR_NAME}\r\nfi\r\n\r\ncd /mnt/server\r\n\r\necho -e \"Running curl -o ${SERVER_JARFILE} ${DOWNLOAD_URL}\"\r\n\r\nif [ -f ${SERVER_JARFILE} ]; then\r\n\tmv ${SERVER_JARFILE} ${SERVER_JARFILE}.old\r\nfi\r\n\r\ncurl -o ${SERVER_JARFILE} ${DOWNLOAD_URL}\r\n\r\n\r\n## install end\r\necho \"-----------------------------------------\"\r\necho \"Installation completed...\"\r\necho \"-----------------------------------------\""
        }
    },
    "variables": [
        {
            "name": "Minecraft Version",
            "description": "The version of Minecraft that water was built to support.",
            "env_variable": "MINECRAFT_VERSION",
            "default_value": "latest",
            "user_viewable": true,
            "user_editable": true,
            "rules": "required|alpha_num|between:1,6",
            "field_type": "text"
        },
        {
            "name": "Travertine Jar File",
            "description": "The name of the jar file to use when running Travertine.",
            "env_variable": "SERVER_JARFILE",
            "default_value": "travertine.jar",
            "user_viewable": true,
            "user_editable": true,
            "rules": "required|regex:/^([\\w\\d._-]+)(\\.jar)$/",
            "field_type": "text"
        },
        {
            "name": "Download Link",
            "description": "A link to the server jar to download the Travertine jar.",
            "env_variable": "DL_LINK",
            "default_value": "",
            "user_viewable": true,
            "user_editable": true,
            "rules": "nullable|string",
            "field_type": "text"
        },
        {
            "name": "Travertine build number",
            "description": "Default is latest.\r\n\r\nif set to latest or an invalid version will grab the latest build number.",
            "env_variable": "BUILD_NUMBER",
            "default_value": "latest",
            "user_viewable": true,
            "user_editable": true,
            "rules": "required|string|max:20",
            "field_type": "text"
        }
    ]
}