{
    "_comment": "DO NOT EDIT: FILE GENERATED AUTOMATICALLY BY PANEL",
    "meta": {
        "version": "PTDL_v2",
        "update_url": null
    },
    "exported_at": "2024-06-01T00:05:09+00:00",
    "name": "Stationeers (BepInEx)",
    "author": "eggs@goover.dev",
    "uuid": "948f1577-6568-4edd-8fd8-d63155a0bf96",
    "description": "Stationeers Server with very basic BepInEx support",
    "features": [
        "steam_disk_space"
    ],
    "docker_images": {
        "ghcr.io\/parkervcp\/steamcmd:ubuntu": "ghcr.io\/parkervcp\/steamcmd:ubuntu"
    },
    "file_denylist": [],
    "startup": "export DOORSTOP_ENABLE=TRUE; export DOORSTOP_INVOKE_DLL_PATH=.\/BepInEx\/core\/BepInEx.Preloader.dll; export LD_LIBRARY_PATH=\".\/doorstop_libs:$LD_LIBRARY_PATH\"; export LD_PRELOAD=\"libdoorstop_x64.so:$LD_PRELOAD\"; stty cols 80 rows 24; .\/rocketstation_DedicatedServer.x86_64 -loadlatest \"{{SAVE_NAME}}\" {{WORLD_NAME}} -settings ServerName \"{{SERVER_NAME}}\" StartLocalHost true ServerVisible true GamePort {{SERVER_PORT}} UpdatePort {{UPDATE_PORT}} AutoSave {{AUTOSAVE}} SaveInterval {{SAVE_INTERVAL}} ServerPassword {{SERVER_PASSWD}} ServerMaxPlayers {{MAX_PLAYERS}} UPNPEnabled {{UPNP}} 2>&1",
    "config": {
        "files": "{}",
        "startup": "{\r\n    \"done\": \"World load complete\"\r\n}",
        "logs": "{}",
        "stop": "^C"
    },
    "scripts": {
        "installation": {
            "script": "#!\/bin\/bash\r\n# steamcmd Base Installation Script\r\n#\r\n# Server Files: \/mnt\/server\r\n# Image to install with is 'ghcr.io\/parkervcp\/installers:debian'\r\n\r\n##\r\n#\r\n# Variables\r\n# STEAM_USER, STEAM_PASS, STEAM_AUTH - Steam user setup. If a user has 2fa enabled it will most likely fail due to timeout. Leave blank for anon install.\r\n# WINDOWS_INSTALL - if it's a windows server you want to install set to 1\r\n# SRCDS_APPID - steam app id found here - https:\/\/developer.valvesoftware.com\/wiki\/Dedicated_Servers_List\r\n# SRCDS_BETAID - beta branch of a steam app. Leave blank to install normal branch\r\n# SRCDS_BETAPASS - password for a beta branch should one be required during private or closed testing phases.. Leave blank for no password.\r\n# INSTALL_FLAGS - Any additional SteamCMD  flags to pass during install.. Keep in mind that steamcmd auto update process in the docker image might overwrite or ignore these when it performs update on server boot.\r\n# AUTO_UPDATE - Adding this variable to the egg allows disabling or enabling automated updates on boot. Boolean value. 0 to disable and 1 to enable.\r\n#\r\n ##\r\n\r\n# Install packages. Default packages below are not required if using our existing install image thus speeding up the install process.\r\n#apt -y update\r\n#apt -y --no-install-recommends install curl lib32gcc-s1 ca-certificates\r\n\r\n## just in case someone removed the defaults.\r\nif [[ \"${STEAM_USER}\" == \"\" ]] || [[ \"${STEAM_PASS}\" == \"\" ]]; then\r\n    echo -e \"steam user is not set.\\n\"\r\n    echo -e \"Using anonymous user.\\n\"\r\n    STEAM_USER=anonymous\r\n    STEAM_PASS=\"\"\r\n    STEAM_AUTH=\"\"\r\nelse\r\n    echo -e \"user set to ${STEAM_USER}\"\r\nfi\r\n\r\n## download and install steamcmd\r\ncd \/tmp\r\nmkdir -p \/mnt\/server\/steamcmd\r\ncurl -sSL -o steamcmd.tar.gz https:\/\/steamcdn-a.akamaihd.net\/client\/installer\/steamcmd_linux.tar.gz\r\ntar -xzvf steamcmd.tar.gz -C \/mnt\/server\/steamcmd\r\nmkdir -p \/mnt\/server\/steamapps # Fix steamcmd disk write error when this folder is missing\r\ncd \/mnt\/server\/steamcmd\r\n\r\n# SteamCMD fails otherwise for some reason, even running as root.\r\n# This is changed at the end of the install process anyways.\r\nchown -R root:root \/mnt\r\nexport HOME=\/mnt\/server\r\n\r\n## install game using steamcmd\r\n.\/steamcmd.sh +force_install_dir \/mnt\/server +login ${STEAM_USER} ${STEAM_PASS} ${STEAM_AUTH} $( [[ \"${WINDOWS_INSTALL}\" == \"1\" ]] && printf %s '+@sSteamCmdForcePlatformType windows' ) +app_update ${SRCDS_APPID} $( [[ -z ${SRCDS_BETAID} ]] || printf %s \"-beta ${SRCDS_BETAID}\" ) $( [[ -z ${SRCDS_BETAPASS} ]] || printf %s \"-betapassword ${SRCDS_BETAPASS}\" ) ${INSTALL_FLAGS} validate +quit ## other flags may be needed depending on install. looking at you cs 1.6\r\n\r\n## set up 32 bit libraries\r\nmkdir -p \/mnt\/server\/.steam\/sdk32\r\ncp -v linux32\/steamclient.so ..\/.steam\/sdk32\/steamclient.so\r\n\r\n## set up 64 bit libraries\r\nmkdir -p \/mnt\/server\/.steam\/sdk64\r\ncp -v linux64\/steamclient.so ..\/.steam\/sdk64\/steamclient.so\r\n\r\n\r\necho \"-------------------------------------------------------\"\r\necho \"Installing BepInEx from the official GitHub repository...\"\r\necho \"-------------------------------------------------------\"\r\n\r\n# Fetch the latest release URL of BepInEx from GitHub releases\r\nLATEST_RELEASE_URL=$(curl -s https:\/\/api.github.com\/repos\/BepInEx\/BepInEx\/releases\/latest | jq -r \".assets[] | select(.name | contains(\\\"unix\\\")) | .browser_download_url\")\r\nif [ -z \"$LATEST_RELEASE_URL\" ]; then\r\n    echo \"Failed to fetch the latest BepInEx release URL. Exiting.\"\r\n    exit 1\r\nfi\r\n\r\ncd \/mnt\/server\r\n\r\n# Create a quick \/tmp folder\r\nmkdir -p \/mnt\/server\/tmp\r\n\r\n\r\necho \"-------------------------------------------------------\"\r\necho \"Downloading latest BepInEx release\"\r\necho \"-------------------------------------------------------\"\r\n# Download and extract BepInEx to the server directory\r\nwget \"$LATEST_RELEASE_URL\" -O \/mnt\/server\/tmp\/bepinex.zip\r\nunzip -o \/mnt\/server\/tmp\/bepinex.zip\r\nrm \/mnt\/server\/tmp\/bepinex.zip\r\n\r\n# Create the plugins directory inside BepInEx\r\nmkdir -p \/mnt\/server\/BepInEx\/plugins\r\n\r\n## BepInEx installation completed\r\necho \"-------------------------------------------------------\"\r\necho \"BepInEx installation completed\"\r\necho \"-------------------------------------------------------\"\r\n\r\necho \"-------------------------------------------------------\"\r\necho \"Downloading and installing the latest StationeersMods...\"\r\necho \"-------------------------------------------------------\"\r\n\r\n# Fetch the latest release URL of StationeersMods from GitHub releases\r\nSTATIONEERSMODS_URL=$(curl -s https:\/\/api.github.com\/repos\/jixxed\/StationeersMods\/releases\/latest | jq -r \".assets[] | select(.name == \\\"StationeersMods.zip\\\") | .browser_download_url\")\r\nif [ -z \"$STATIONEERSMODS_URL\" ]; then\r\n    echo \"Failed to fetch the latest StationeersMods release URL. Exiting.\"\r\n    exit 1\r\nfi\r\n\r\n# Download and unzip StationeersMods.zip to the plugins directory\r\nwget \"$STATIONEERSMODS_URL\" -O \/mnt\/server\/tmp\/StationeersMods.zip\r\nunzip -o \/mnt\/server\/tmp\/StationeersMods.zip -d \/mnt\/server\/BepInEx\/plugins\r\nrm \/mnt\/server\/tmp\/StationeersMods.zip\r\n\r\necho \"-------------------------------------------------------\"\r\necho \"StationeersMods installation completed\"\r\necho \"-------------------------------------------------------\"\r\n\r\necho \"-------------------------------------------------------\"\r\necho \"Deleting leftover \/tmp folder\"\r\necho \"-------------------------------------------------------\"\r\n# Delete the \/tmp folder\r\nrm -rf \/mnt\/server\/tmp\r\n\r\n## install end\r\necho \"-----------------------------------------\"\r\necho \"Stationeers installation completed...\"\r\necho \"-----------------------------------------\"",
            "container": "ghcr.io\/parkervcp\/installers:debian",
            "entrypoint": "bash"
        }
    },
    "variables": [
        {
            "name": "Server Name",
            "description": "",
            "env_variable": "SERVER_NAME",
            "default_value": "Pterodactyl Hosted Server",
            "user_viewable": true,
            "user_editable": true,
            "rules": "required|string|max:100",
            "sort": null,
            "field_type": "text"
        },
        {
            "name": "World Name",
            "description": "Available Maps: Moon, Mars, Europa, Europa2, Mimas, Vulcan, Vulcan2, Space, Loulan, Venus",
            "env_variable": "WORLD_NAME",
            "default_value": "moon",
            "user_viewable": true,
            "user_editable": true,
            "rules": "nullable|string|in:,Moon,Mars,Europa,Europa2,Mimas,Vulcan,Vulcan2,Space,Loulan,Venus",
            "sort": null,
            "field_type": "text"
        },
        {
            "name": "Max Players",
            "description": "",
            "env_variable": "MAX_PLAYERS",
            "default_value": "10",
            "user_viewable": true,
            "user_editable": true,
            "rules": "required|integer|between:1,30",
            "sort": null,
            "field_type": "text"
        },
        {
            "name": "Server Password",
            "description": "",
            "env_variable": "SERVER_PASSWD",
            "default_value": "",
            "user_viewable": false,
            "user_editable": false,
            "rules": "string|nullable",
            "sort": null,
            "field_type": "text"
        },
        {
            "name": "Save Name",
            "description": "Name of the save of your world.\r\nAuto save & auto load worlds on server startup.",
            "env_variable": "SAVE_NAME",
            "default_value": "stationeers_1",
            "user_viewable": true,
            "user_editable": true,
            "rules": "required|string|max:20",
            "sort": null,
            "field_type": "text"
        },
        {
            "name": "Auto Save",
            "description": "Turn Autosave on and off",
            "env_variable": "AUTOSAVE",
            "default_value": "true",
            "user_viewable": true,
            "user_editable": true,
            "rules": "required|string|in:true,false",
            "sort": null,
            "field_type": "text"
        },
        {
            "name": "Save Interval",
            "description": "Sets the server\u2019s auto-save interval in seconds.",
            "env_variable": "SAVE_INTERVAL",
            "default_value": "300",
            "user_viewable": true,
            "user_editable": true,
            "rules": "required|integer",
            "sort": null,
            "field_type": "text"
        },
        {
            "name": "UPNP",
            "description": "",
            "env_variable": "UPNP",
            "default_value": "false",
            "user_viewable": true,
            "user_editable": true,
            "rules": "required|string|in:true,false",
            "sort": null,
            "field_type": "text"
        },
        {
            "name": "Steam App ID",
            "description": "Required for automatic updates.",
            "env_variable": "SRCDS_APPID",
            "default_value": "600760",
            "user_viewable": false,
            "user_editable": false,
            "rules": "required|integer",
            "sort": null,
            "field_type": "text"
        },
        {
            "name": "Auto Update",
            "description": "",
            "env_variable": "AUTO_UPDATE",
            "default_value": "1",
            "user_viewable": true,
            "user_editable": true,
            "rules": "required|boolean",
            "sort": null,
            "field_type": "text"
        },
        {
            "name": "Update Port",
            "description": "",
            "env_variable": "UPDATE_PORT",
            "default_value": "27014",
            "user_viewable": true,
            "user_editable": true,
            "rules": "required|string|max:50",
            "sort": null,
            "field_type": "text"
        },
        {
            "name": "Beta Branch",
            "description": "",
            "env_variable": "SRCDS_BETAID",
            "default_value": "",
            "user_viewable": true,
            "user_editable": true,
            "rules": "nullable|string",
            "sort": null,
            "field_type": "text"
        }
    ]
}