{
    "_comment": "DO NOT EDIT: FILE GENERATED AUTOMATICALLY BY PANEL",
    "meta": {
        "version": "PTDL_v2",
        "update_url": null
    },
    "exported_at": "2024-06-02T14:32:00+00:00",
    "name": "Minio S3",
    "author": "accounts@bofanodes.io",
    "uuid": "47f32d80-860a-4c7a-81ec-57a1f9cc0386",
    "description": "MinIO is a cloud storage server compatible with Amazon S3, released under Apache License v2. As an object store, MinIO can store unstructured data such as photos, videos, log files, backups and container images. The maximum size of an object is 5TB.",
    "features": null,
    "docker_images": {
        "ghcr.io\/parkervcp\/yolks:debian": "ghcr.io\/parkervcp\/yolks:debian"
    },
    "file_denylist": [],
    "startup": ".\/minio.sh",
    "config": {
        "files": "{}",
        "startup": "{\r\n    \"done\": \"guide\",\r\n    \"done\": \"Documentation:\"\r\n}",
        "logs": "{}",
        "stop": "^C"
    },
    "scripts": {
        "installation": {
            "script": "#!\/bin\/bash\r\n#\r\napt update\r\napt install -y wget\r\nARCH=$([[ \"$(uname -m)\" == \"x86_64\" ]] && echo \"amd64\" || echo \"arm64\")\r\ncd \/mnt\/server\r\nwget https:\/\/dl.min.io\/server\/minio\/release\/linux-${ARCH}\/minio\r\nchmod +x minio\r\nmkdir data\r\nmkdir keys\r\n\r\nwget https:\/\/github.com\/\/parkervcp\/eggs\/raw\/master\/storage\/minio\/minio.sh\r\nchmod +x minio.sh\r\nexport MINIO_ACCESS_KEY=$(cat \/dev\/urandom | tr -dc 'a-zA-Z0-9' | fold -w 32 | head -n 1)\r\necho $MINIO_ACCESS_KEY > keys\/key.txt\r\nexport MINIO_SECRET_KEY=$(cat \/dev\/urandom | tr -dc 'a-zA-Z0-9' | fold -w 32 | head -n 1)\r\necho $MINIO_SECRET_KEY > keys\/secret.txt\r\necho done",
            "container": "debian:buster-slim",
            "entrypoint": "bash"
        }
    },
    "variables": [
        {
            "name": "Startup Type",
            "description": "normal,rotate,update",
            "env_variable": "STARTUP_TYPE",
            "default_value": "normal",
            "user_viewable": true,
            "user_editable": true,
            "rules": "required|string|in:normal,rotate,update",
            "sort": null,
            "field_type": "text"
        }
    ]
}