{
    "_comment": "DO NOT EDIT: FILE GENERATED AUTOMATICALLY BY PTERODACTYL PANEL - PTERODACTYL.IO",
    "meta": {
        "version": "PTDL_v2",
        "update_url": null
    },
    "exported_at": "2023-05-07T19:05:11+02:00",
    "name": "Frozen Flame",
    "author": "theblitzbat@gmail.com",
    "description": "Frozen Flame Dedicated Server",
    "features": null,
    "docker_images": {
        "ghcr.io\/parkervcp\/steamcmd:debian": "ghcr.io\/parkervcp\/steamcmd:debian"
    },
    "file_denylist": [],
    "startup": ".\/FrozenFlame\/Binaries\/Linux\/FrozenFlameServer-Linux-Shipping -log -MetaGameServerName=\"{{SERVER_NAME}}\" -port={{SERVER_PORT}} -queryPort={{QUERY_PORT}} -RconPort={{RCON_PORT}} -RconPassword=\"{{RCON_PASSWORD}}\"",
    "config": {
        "files": "{\r\n    \"FrozenFlame\/Saved\/Config\/LinuxServer\/Game.ini\": {\r\n        \"parser\": \"file\",\r\n        \"find\": {\r\n            \"MaxPlayers\": \"MaxPlayers={{server.build.env.MAX_PLAYERS}}\",\r\n            \"ServerPassword\": \"ServerPassword=\\\"{{server.build.env.SERVER_PASSWORD}}\\\"\"\r\n        }\r\n    }\r\n}",
        "startup": "{\r\n    \"done\": \"LogWorld: Bringing up level for play took\"\r\n}",
        "logs": "{}",
        "stop": "^^C"
    },
    "scripts": {
        "installation": {
            "script": "!\/bin\/bash\r\n# steamcmd Base Installation Script\r\n#\r\n# Server Files: \/mnt\/server\r\n# Image to install with is 'ghcr.io\/parkervcp\/installers:debian'\r\n\r\n\r\n## just in case someone removed the defaults.\r\nif [[ \"${STEAM_USER}\" == \"\" ]] || [[ \"${STEAM_PASS}\" == \"\" ]]; then\r\n    echo -e \"steam user is not set.\\n\"\r\n    echo -e \"Using anonymous user.\\n\"\r\n    STEAM_USER=anonymous\r\n    STEAM_PASS=\"\"\r\n    STEAM_AUTH=\"\"\r\nelse\r\n    echo -e \"user set to ${STEAM_USER}\"\r\nfi\r\n\r\n## download and install steamcmd\r\ncd \/tmp\r\nmkdir -p \/mnt\/server\/steamcmd\r\ncurl -sSL -o steamcmd.tar.gz https:\/\/steamcdn-a.akamaihd.net\/client\/installer\/steamcmd_linux.tar.gz\r\ntar -xzvf steamcmd.tar.gz -C \/mnt\/server\/steamcmd\r\nmkdir -p \/mnt\/server\/steamapps # Fix steamcmd disk write error when this folder is missing\r\ncd \/mnt\/server\/steamcmd\r\n\r\n# SteamCMD fails otherwise for some reason, even running as root.\r\n# This is changed at the end of the install process anyways.\r\nchown -R root:root \/mnt\r\nexport HOME=\/mnt\/server\r\n\r\n## install game using steamcmd\r\n.\/steamcmd.sh +force_install_dir \/mnt\/server +login ${STEAM_USER} ${STEAM_PASS} ${STEAM_AUTH} $( [[ \"${WINDOWS_INSTALL}\" == \"1\" ]] && printf %s '+@sSteamCmdForcePlatformType windows' ) +app_update ${SRCDS_APPID} $( [[ -z ${SRCDS_BETAID} ]] || printf %s \"-beta ${SRCDS_BETAID}\" ) $( [[ -z ${SRCDS_BETAPASS} ]] || printf %s \"-betapassword ${SRCDS_BETAPASS}\" ) ${INSTALL_FLAGS} validate +quit ## other flags may be needed depending on install. looking at you cs 1.6\r\n\r\n## set up 32 bit libraries\r\nmkdir -p \/mnt\/server\/.steam\/sdk32\r\ncp -v linux32\/steamclient.so ..\/.steam\/sdk32\/steamclient.so\r\n\r\n## set up 64 bit libraries\r\nmkdir -p \/mnt\/server\/.steam\/sdk64\r\ncp -v linux64\/steamclient.so ..\/.steam\/sdk64\/steamclient.so\r\n\r\n## add below your custom commands if needed\r\n\r\nmkdir -p \/mnt\/server\/FrozenFlame\/Saved\/Config\/LinuxServer\r\n\r\ncd \/mnt\/server\/FrozenFlame\/Saved\/Config\/LinuxServer\r\n\r\nFILE=\/mnt\/server\/FrozenFlame\/Saved\/Config\/LinuxServer\/Game.ini\r\nif [ -f \"$FILE\" ]; then\r\n    echo \"Config file already exits. updating.\"\r\n    mv Game.ini Game.ini.back\r\n    curl -sSL o Game.ini https:\/\/raw.githubusercontent.com\/DreamsideInteractive\/FrozenFlameServer\/main\/Game.ini\r\nelse \r\n    echo \"Downloading a config file\"\r\n    curl -sSL -o Game.ini https:\/\/raw.githubusercontent.com\/DreamsideInteractive\/FrozenFlameServer\/main\/Game.ini\r\nfi\r\n\r\n\r\necho \"-----------------------------------------\"\r\necho \"Installation completed...\"\r\necho \"-----------------------------------------\"",
            "container": "ghcr.io\/parkervcp\/installers:debian",
            "entrypoint": "bash"
        }
    },
    "variables": [
        {
            "name": "App ID",
            "description": "Frozen Flame steam app id for auto updates. Leave blank to avoid auto update.",
            "env_variable": "SRCDS_APPID",
            "default_value": "1348640",
            "user_viewable": false,
            "user_editable": false,
            "rules": "nullable|numeric",
            "field_type": "text"
        },
        {
            "name": "Max Players",
            "description": "Maximum player count",
            "env_variable": "MAX_PLAYERS",
            "default_value": "10",
            "user_viewable": true,
            "user_editable": true,
            "rules": "required|numeric",
            "field_type": "text"
        },
        {
            "name": "Query Port",
            "description": "The query port.",
            "env_variable": "QUERY_PORT",
            "default_value": "25575",
            "user_viewable": true,
            "user_editable": true,
            "rules": "required|integer|between:1024,65536",
            "field_type": "text"
        },
        {
            "name": "Server Name",
            "description": "The server name",
            "env_variable": "SERVER_NAME",
            "default_value": "My Frozen Flame Server",
            "user_viewable": true,
            "user_editable": true,
            "rules": "required|string|max:128",
            "field_type": "text"
        },
        {
            "name": "Server Password",
            "description": "The server password",
            "env_variable": "SERVER_PASSWORD",
            "default_value": "",
            "user_viewable": true,
            "user_editable": true,
            "rules": "required|string|max:128",
            "field_type": "text"
        },
        {
            "name": "Auto Update",
            "description": "Auto update server software",
            "env_variable": "AUTO_UPDATE",
            "default_value": "1",
            "user_viewable": true,
            "user_editable": true,
            "rules": "boolean",
            "field_type": "text"
        },
        {
            "name": "Rcon Port",
            "description": "",
            "env_variable": "RCON_PORT",
            "default_value": "27015",
            "user_viewable": true,
            "user_editable": false,
            "rules": "required|string|",
            "field_type": "text"
        },
        {
            "name": "Rcon password",
            "description": "",
            "env_variable": "RCON_PASSWORD",
            "default_value": "",
            "user_viewable": true,
            "user_editable": true,
            "rules": "required|string|max:128",
            "field_type": "text"
        }
    ]
}
