{
    "_comment": "DO NOT EDIT: FILE GENERATED AUTOMATICALLY BY PTERODACTYL PANEL - PTERODACTYL.IO",
    "meta": {
        "version": "PTDL_v2",
        "update_url": null
    },
    "exported_at": "2023-08-14T15:15:05+02:00",
    "name": "Sinusbot",
    "author": "support@pterodactyl.io",
    "description": "Musicbot for Discord and Teamspeak.",
    "features": null,
    "docker_images": {
        "sinusbot": "ghcr.io\/parkervcp\/yolks:bot_sinusbot"
    },
    "file_denylist": [],
    "startup": ".\/sinusbot --override-password=\"${OVERRIDE_PASSWORD}\"",
    "config": {
        "files": "{\r\n    \"config.ini\": {\r\n        \"parser\": \"file\",\r\n        \"find\": {\r\n            \"ListenPort\": \"ListenPort = {{server.build.default.port}}\",\r\n            \"ListenHost\": \"ListenHost = \\\"0.0.0.0\\\"\"\r\n        }\r\n    }\r\n}",
        "startup": "{\r\n    \"done\": \"Initialization complete\"\r\n}",
        "logs": "{}",
        "stop": "^C"
    },
    "scripts": {
        "installation": {
            "script": "#!\/bin\/bash\r\n# Sinusbot Installation Script\r\n#\r\n# Server Files: \/mnt\/server\r\napt -y update\r\napt -y --no-install-recommends install ca-certificates bzip2 wget tar curl jq\r\napt -q clean all\r\n\r\n#Create needed directories\r\nmkdir -p \/mnt\/server\/TeamSpeak3-Client-linux_amd64\/plugins\r\nmkdir \/mnt\/server\/youtube-dlp\r\n\r\ncd \/mnt\/server\r\n\r\n#Download Sinusbot\r\nwget -qO - https:\/\/www.sinusbot.com\/dl\/sinusbot.current.tar.bz2 | tar xj\r\n\r\n\r\n#Download Latest TeamSpeak Client\r\n#TS_VERSION=$(curl https:\/\/teamspeak.com\/versions\/client.json | jq -r '.linux.x86_64.version')\r\n#TS_DL_LINK=$(curl https:\/\/teamspeak.com\/versions\/client.json | jq -r '.linux.x86_64.mirrors.\"teamspeak.com\"')\r\n\r\n# Sinusbot is not yet updated...\r\nTS_VERSION=3.5.6\r\nTS_DL_LINK=https:\/\/files.teamspeak-services.com\/releases\/client\/3.5.6\/TeamSpeak3-Client-linux_amd64-3.5.6.run\r\n\r\necho -e \"downloading teamspeak version ${TS_VERSION}\"\r\necho -e \"running 'wget ${TS_DL_LINK}'\"\r\n\r\nwget ${TS_DL_LINK}\r\n\r\n# Install TeamSpeak Client\r\nchmod 0755 TeamSpeak3-Client-linux_amd64*.run\r\n.\/TeamSpeak3-Client-linux_amd64*.run --tar xfv -C TeamSpeak3-Client-linux_amd64\r\n\r\n## Cleaning up \r\n\r\nrm TeamSpeak3-Client-linux_amd64*.run\r\n# Remove glx-integration lib\r\nrm TeamSpeak3-Client-linux_amd64\/xcbglintegrations\/libqxcb-glx-integration.so\r\n\r\n#Install Sinusbot\r\nchmod +x sinusbot\r\ncp config.ini.dist config.ini\r\nsed -i \"s|^TS3Path.*|TS3Path = \\\"\/home\/container\/TeamSpeak3-Client-linux_amd64\/ts3client_linux_amd64\\\"|g\" config.ini\r\necho 'YoutubeDLPath = \"\/home\/container\/youtube-dlp\/youtube-dlp\"' >> config.ini\r\n\r\n#Install Sinusbot plugin\r\ncp plugin\/libsoundbot_plugin.so TeamSpeak3-Client-linux_amd64\/plugins\r\n\r\n#Download youtube-dlp\r\ncd \/mnt\/server\/youtube-dlp\r\nwget https:\/\/github.com\/yt-dlp\/yt-dlp\/releases\/latest\/download\/yt-dlp -O youtube-dlp\r\nchmod a+rx youtube-dlp\r\n\r\necho \"-----------------------------------------\"\r\necho \"Installation completed...\"\r\necho \"-----------------------------------------\"",
            "container": "ghcr.io\/parkervcp\/installers:debian",
            "entrypoint": "bash"
        }
    },
    "variables": [
        {
            "name": "Password",
            "description": "Password for admin account.",
            "env_variable": "OVERRIDE_PASSWORD",
            "default_value": "",
            "user_viewable": true,
            "user_editable": true,
            "rules": "required|string|max:20",
            "field_type": "text"
        }
    ]
}
