{
    "_comment": "DO NOT EDIT: FILE GENERATED AUTOMATICALLY BY PANEL",
    "meta": {
        "version": "PTDL_v2",
        "update_url": null
    },
    "exported_at": "2025-04-28T11:24:05+00:00",
    "name": "Sven Co-op",
    "author": "pteroducktyl@yildri.nl",
    "description": "Sven Co-op is a co-operative game originally based around Valve Software's Half-Life. In this game players must work together against computer controlled enemies and solve puzzles as a team.",
    "features": [
        "steam_disk_space"
    ],
    "docker_images": {
        "ghcr.io\/parkervcp\/steamcmd:debian": "ghcr.io\/parkervcp\/steamcmd:debian"
    },
    "file_denylist": [],
    "startup": ".\/svends_run -console -port {{SERVER_PORT}} +maxplayers {{SC_PLAYERS}} +map {{SC_MAP}} +ip 0.0.0.0 -strictportbind -norestart",
    "config": {
        "files": "{\r\n    \"svencoop\/server.cfg\": {\r\n        \"parser\": \"file\",\r\n        \"find\": {\r\n            \"hostname\": \"hostname \\\"{{env.SC_NAME}}\\\"\",\r\n            \"sv_password\": \"sv_password \\\"{{env.SC_PASSWORD}}\\\"\",\r\n            \"\/\/sv_password\": \"sv_password \\\"{{env.SC_PASSWORD}}\\\"\",\r\n            \"sv_region\": \"sv_region {{env.SC_REGION}}\"\r\n        }\r\n    }\r\n}",
        "startup": "{\r\n    \"done\": \"Connection to Steam servers successful.\"\r\n}",
        "logs": "{}",
        "stop": "quit"
    },
    "scripts": {
        "installation": {
            "script": "#!\/bin\/bash\r\n# steamcmd Base Installation Script\r\n#\r\n# Server Files: \/mnt\/server\r\n# Image to install with is 'ghcr.io\/parkervcp\/installers:debian'\r\n\r\n##\r\n#\r\n# Variables\r\n# STEAM_USER, STEAM_PASS, STEAM_AUTH - Steam user setup. If a user has 2fa enabled it will most likely fail due to timeout. Leave blank for anon install.\r\n# WINDOWS_INSTALL - if it's a windows server you want to install set to 1\r\n# SRCDS_APPID - steam app id found here - https:\/\/developer.valvesoftware.com\/wiki\/Dedicated_Servers_List\r\n# SRCDS_BETAID - beta branch of a steam app. Leave blank to install normal branch\r\n# SRCDS_BETAPASS - password for a beta branch should one be required during private or closed testing phases.. Leave blank for no password.\r\n# INSTALL_FLAGS - Any additional SteamCMD  flags to pass during install.. Keep in mind that steamcmd auto update process in the docker image might overwrite or ignore these when it performs update on server boot.\r\n# AUTO_UPDATE - Adding this variable to the egg allows disabling or enabling automated updates on boot. Boolean value. 0 to disable and 1 to enable.\r\n#\r\n ##\r\n\r\n# Install packages. Default packages below are not required if using our existing install image thus speeding up the install process.\r\n#apt -y update\r\n#apt -y --no-install-recommends install curl lib32gcc-s1 ca-certificates\r\n\r\n## just in case someone removed the defaults.\r\nif [[ \"${STEAM_USER}\" == \"\" ]] || [[ \"${STEAM_PASS}\" == \"\" ]]; then\r\n    echo -e \"steam user is not set.\\n\"\r\n    echo -e \"Using anonymous user.\\n\"\r\n    STEAM_USER=anonymous\r\n    STEAM_PASS=\"\"\r\n    STEAM_AUTH=\"\"\r\nelse\r\n    echo -e \"user set to ${STEAM_USER}\"\r\nfi\r\n\r\n## download and install steamcmd\r\ncd \/tmp\r\nmkdir -p \/mnt\/server\/steamcmd\r\ncurl -sSL -o steamcmd.tar.gz https:\/\/steamcdn-a.akamaihd.net\/client\/installer\/steamcmd_linux.tar.gz\r\ntar -xzvf steamcmd.tar.gz -C \/mnt\/server\/steamcmd\r\nmkdir -p \/mnt\/server\/steamapps # Fix steamcmd disk write error when this folder is missing\r\ncd \/mnt\/server\/steamcmd\r\n\r\n# SteamCMD fails otherwise for some reason, even running as root.\r\n# This is changed at the end of the install process anyways.\r\nchown -R root:root \/mnt\r\nexport HOME=\/mnt\/server\r\n\r\n## install game using steamcmd\r\n.\/steamcmd.sh +force_install_dir \/mnt\/server +login ${STEAM_USER} ${STEAM_PASS} ${STEAM_AUTH} $( [[ \"${WINDOWS_INSTALL}\" == \"1\" ]] && printf %s '+@sSteamCmdForcePlatformType windows' ) +app_update ${SRCDS_APPID} $( [[ -z ${SRCDS_BETAID} ]] || printf %s \"-beta ${SRCDS_BETAID}\" ) $( [[ -z ${SRCDS_BETAPASS} ]] || printf %s \"-betapassword ${SRCDS_BETAPASS}\" ) ${INSTALL_FLAGS} validate +quit ## other flags may be needed depending on install. looking at you cs 1.6\r\n\r\n## set up 32 bit libraries\r\n#mkdir -p \/mnt\/server\/.steam\/sdk32\r\n#cp -v linux32\/steamclient.so ..\/.steam\/sdk32\/steamclient.so\r\n\r\n## set up 64 bit libraries\r\nmkdir -p \/mnt\/server\/.steam\/sdk64\r\ncp -v linux64\/steamclient.so ..\/.steam\/sdk64\/steamclient.so\r\n\r\n## add below your custom commands if needed\r\n\r\n## install end\r\necho \"-----------------------------------------\"\r\necho \"Installation completed...\"\r\necho \"-----------------------------------------\"",
            "container": "ghcr.io\/parkervcp\/installers:debian",
            "entrypoint": "bash"
        }
    },
    "variables": [
        {
            "name": "Default Map",
            "description": "The default map for the server.",
            "env_variable": "SC_MAP",
            "default_value": "svencoop1",
            "user_viewable": true,
            "user_editable": true,
            "rules": "required|string",
            "field_type": "text"
        },
        {
            "name": "Max Players",
            "description": "The maximum amount of players that can play on the server at once.",
            "env_variable": "SC_PLAYERS",
            "default_value": "12",
            "user_viewable": true,
            "user_editable": true,
            "rules": "required|numeric|between:2,32",
            "field_type": "text"
        },
        {
            "name": "Server Name",
            "description": "The name your server will appear as on the in Sven Co-op in-game server list.",
            "env_variable": "SC_NAME",
            "default_value": "Sven Co-op server",
            "user_viewable": true,
            "user_editable": true,
            "rules": "required|string|max:40",
            "field_type": "text"
        },
        {
            "name": "Password",
            "description": "Password required to join the server. Leave blank to disable.",
            "env_variable": "SC_PASSWORD",
            "default_value": "",
            "user_viewable": true,
            "user_editable": true,
            "rules": "nullable|string|max:20",
            "field_type": "text"
        },
        {
            "name": "Region",
            "description": "The region your server is in. This is used in Steam's server browser, so players can look for servers near by. This does not restrict players from connecting to your server.\r\n\r\n-1: Do not list server in the server browser.\r\n0: USA east coast.\r\n1: USA west coast.\r\n2: South America (continent)\r\n3: Europe.\r\n4: Asia.\r\n5: Australia (continent, aka Oceania)\r\n6: Middle East.\r\n7: Africa.\r\n255: International.",
            "env_variable": "SC_REGION",
            "default_value": "255",
            "user_viewable": true,
            "user_editable": true,
            "rules": "required|numeric|between:-1,255",
            "field_type": "text"
        },
        {
            "name": "Source AppID",
            "description": "Required for game to update on server restart. Do not modify this.",
            "env_variable": "SRCDS_APPID",
            "default_value": "276060",
            "user_viewable": false,
            "user_editable": false,
            "rules": "required|string|max:20",
            "field_type": "text"
        }
    ]
}