{
    "_comment": "DO NOT EDIT: FILE GENERATED AUTOMATICALLY BY PANEL",
    "meta": {
        "version": "PLCN_v1",
        "update_url": null
    },
    "exported_at": "2025-03-26T17:17:47+00:00",
    "name": "Project Zomboid",
    "author": "iamkubi@gmail.com",
    "uuid": "b2c6d19f-3d24-41e3-802d-c2bfbe63b519",
    "description": "Project Zomboid is an open world survival horror video game in alpha stage development by British and Canadian independent developer, The Indie Stone. The game is set in a post apocalyptic, zombie infested world where the player is challenged to survive for as long as possible before inevitably dying.",
    "tags": [],
    "features": [
        "steam_disk_space"
    ],
    "docker_images": {
        "ghcr.io\/parkervcp\/steamcmd:debian": "ghcr.io\/parkervcp\/steamcmd:debian"
    },
    "file_denylist": [],
    "startup": "export PATH=\".\/jre64\/bin:$PATH\" ; export LD_LIBRARY_PATH=\".\/linux64:.\/natives:.:.\/jre64\/lib\/amd64:${LD_LIBRARY_PATH}\" ; JSIG=\"libjsig.so\" ; LD_PRELOAD=\"${LD_PRELOAD}:${JSIG}\" .\/ProjectZomboid64  -port {{SERVER_PORT}} -udpport {{STEAM_PORT}} -cachedir=\/home\/container\/.cache -servername \"{{SERVER_NAME}}\" -adminusername {{ADMIN_USER}} -adminpassword \"{{ADMIN_PASSWORD}}\"",
    "config": {
        "files": "{}",
        "startup": "{\r\n    \"done\": \"SERVER STARTED\"\r\n}",
        "logs": "{}",
        "stop": "quit"
    },
    "scripts": {
        "installation": {
            "script": "#!\/bin\/bash\r\n# steamcmd Base Installation Script\r\n#\r\n# Server Files: \/mnt\/server\r\n# Image to install with is 'ghcr.io\/parkervcp\/installers:debian'\r\n\r\n##\r\n#\r\n# Variables\r\n# STEAM_USER, STEAM_PASS, STEAM_AUTH - Steam user setup. If a user has 2fa enabled it will most likely fail due to timeout. Leave blank for anon install.\r\n# WINDOWS_INSTALL - if it's a windows server you want to install set to 1\r\n# SRCDS_APPID - steam app id found here - https:\/\/developer.valvesoftware.com\/wiki\/Dedicated_Servers_List\r\n# SRCDS_BETAID - beta branch of a steam app. Leave blank to install normal branch\r\n# SRCDS_BETAPASS - password for a beta branch should one be required during private or closed testing phases.. Leave blank for no password.\r\n# INSTALL_FLAGS - Any additional SteamCMD  flags to pass during install.. Keep in mind that steamcmd auto update process in the docker image might overwrite or ignore these when it performs update on server boot.\r\n# AUTO_UPDATE - Adding this variable to the egg allows disabling or enabling automated updates on boot. Boolean value. 0 to disable and 1 to enable.\r\n#\r\n\r\n\r\n## just in case someone removed the defaults.\r\nif [[ \"${STEAM_USER}\" == \"\" ]] || [[ \"${STEAM_PASS}\" == \"\" ]]; then\r\n    echo -e \"steam user is not set.\\n\"\r\n    echo -e \"Using anonymous user.\\n\"\r\n    STEAM_USER=anonymous\r\n    STEAM_PASS=\"\"\r\n    STEAM_AUTH=\"\"\r\nelse\r\n    echo -e \"user set to ${STEAM_USER}\"\r\nfi\r\n\r\n## download and install steamcmd\r\ncd \/tmp\r\nmkdir -p \/mnt\/server\/steamcmd\r\ncurl -sSL -o steamcmd.tar.gz https:\/\/steamcdn-a.akamaihd.net\/client\/installer\/steamcmd_linux.tar.gz\r\ntar -xzvf steamcmd.tar.gz -C \/mnt\/server\/steamcmd\r\nmkdir -p \/mnt\/server\/steamapps # Fix steamcmd disk write error when this folder is missing\r\ncd \/mnt\/server\/steamcmd\r\n\r\n# SteamCMD fails otherwise for some reason, even running as root.\r\n# This is changed at the end of the install process anyways.\r\nchown -R root:root \/mnt\r\nexport HOME=\/mnt\/server\r\n\r\n## install game using steamcmd\r\n.\/steamcmd.sh +force_install_dir \/mnt\/server +login ${STEAM_USER} ${STEAM_PASS} ${STEAM_AUTH} $( [[ \"${WINDOWS_INSTALL}\" == \"1\" ]] && printf %s '+@sSteamCmdForcePlatformType windows' ) +app_update ${SRCDS_APPID} $( [[ -z ${SRCDS_BETAID} ]] || printf %s \"-beta ${SRCDS_BETAID}\" ) $( [[ -z ${SRCDS_BETAPASS} ]] || printf %s \"-betapassword ${SRCDS_BETAPASS}\" ) ${INSTALL_FLAGS} validate +quit ## other flags may be needed depending on install. looking at you cs 1.6\r\n\r\n## set up 32 bit libraries\r\nmkdir -p \/mnt\/server\/.steam\/sdk32\r\ncp -v linux32\/steamclient.so ..\/.steam\/sdk32\/steamclient.so\r\n\r\n## set up 64 bit libraries\r\nmkdir -p \/mnt\/server\/.steam\/sdk64\r\ncp -v linux64\/steamclient.so ..\/.steam\/sdk64\/steamclient.so\r\n\r\ncd \/mnt\/server\r\nrm start-server.sh\r\n\r\n## install end\r\necho \"-----------------------------------------\"\r\necho \"Installation completed...\"\r\necho \"-----------------------------------------\"",
            "container": "ghcr.io\/parkervcp\/installers:debian",
            "entrypoint": "bash"
        }
    },
    "variables": [
        {
            "sort": 1,
            "name": "Server Name",
            "description": "The internal server name used for save\/ config files.",
            "env_variable": "SERVER_NAME",
            "default_value": "Pelican",
            "user_viewable": true,
            "user_editable": true,
            "rules": [
                "required",
                "alpha_num",
                "max:64"
            ]
        },
        {
            "sort": 2,
            "name": "Admin Username",
            "description": "Username for the admin account",
            "env_variable": "ADMIN_USER",
            "default_value": "admin",
            "user_viewable": true,
            "user_editable": true,
            "rules": [
                "required",
                "string",
                "max:20"
            ]
        },
        {
            "sort": 3,
            "name": "Admin Password",
            "description": "Password for the admin account",
            "env_variable": "ADMIN_PASSWORD",
            "default_value": "",
            "user_viewable": true,
            "user_editable": true,
            "rules": [
                "required",
                "string",
                "max:32"
            ]
        },
        {
            "sort": 4,
            "name": "SteamPort",
            "description": "Sets the UDPPort option",
            "env_variable": "STEAM_PORT",
            "default_value": "16262",
            "user_viewable": true,
            "user_editable": true,
            "rules": [
                "required",
                "string",
                "max:20"
            ]
        },
        {
            "sort": 5,
            "name": "Max Players",
            "description": "Maximum players to allow",
            "env_variable": "MAX_PLAYERS",
            "default_value": "10",
            "user_viewable": true,
            "user_editable": false,
            "rules": [
                "required",
                "string",
                "max:20"
            ]
        },
        {
            "sort": 6,
            "name": "PZ Steam App ID",
            "description": "PZ Steam App ID",
            "env_variable": "SRCDS_APPID",
            "default_value": "380870",
            "user_viewable": false,
            "user_editable": false,
            "rules": [
                "required",
                "string",
                "max:20"
            ]
        },
        {
            "sort": 7,
            "name": "Steam Beta Branch [requires reinstall]",
            "description": "Beta branch to install, such as b41multiplayer. Leave blank to install normal branch",
            "env_variable": "SRCDS_BETAID",
            "default_value": "",
            "user_viewable": true,
            "user_editable": true,
            "rules": [
                "nullable",
                "string",
                "max:64"
            ]
        },
        {
            "sort": 8,
            "name": "Steam Auto Update",
            "description": "Enable or disable auto-update on startup. 0 to disable and 1 to enable.",
            "env_variable": "AUTO_UPDATE",
            "default_value": "0",
            "user_viewable": true,
            "user_editable": true,
            "rules": [
                "required",
                "string",
                "max:20"
            ]
        }
    ]
}
