{
    "_comment": "DO NOT EDIT: FILE GENERATED AUTOMATICALLY BY PANEL",
    "meta": {
        "update_url": null,
        "version": "PTDL_v2"
    },
    "exported_at": "2024-06-01T00:05:08+00:00",
    "name": "Wurm Unlimited",
    "author": "josdekurk@gmail.com",
    "description": "Wurm Unlimited is the standalone version of the fantasy sandbox world Wurm Online, the MMORPG where the players are in charge! A pioneer in the ideas of player influence, crafting and adventure, it is now one of the most deep and feature packed true sandbox experiences available.",
    "features": null,
    "docker_images": {
        "ghcr.io/parkervcp/steamcmd:debian": "ghcr.io/parkervcp/steamcmd:debian"
    },
    "file_denylist": [],
    "startup": "./WurmServerLauncher ip=0.0.0.0 externalport={{SERVER_PORT}} start={{SERVER_WORLD}} maxplayers={{MAX_PLAYERS}} servername=\"{{SERVERNAME}}\" adminpwd={{ADMINPWD}} serverpassword={{SERVERPWD}} epicsettings={{EPIC}} queryport={{QUERY_PORT}} pvp={{PVP}}",
    "config": {
        "files": "{\r\n    \"LaunchConfig.ini\": {\r\n        \"parser\": \"properties\",\r\n        \"find\": {\r\n            \"CleanLogsOnStart\": \"{{server.build.env.SERVER_CLEAN_LOGS_ON_START}}\"\r\n        }\r\n    }\r\n}",
        "logs": "{}",
        "startup": "{\r\n    \"done\": \"Wurm Server launcher finished at\"\r\n}",
        "stop": "shutdown"
    },
    "scripts": {
        "installation": {
            "container": "ghcr.io/parkervcp/installers:debian",
            "entrypoint": "bash",
            "script": "#!/bin/bash\r\n# steamcmd Base Installation Script\r\n#\r\n# Server Files: /mnt/server\r\n# Image to install with is 'ghcr.io/parkervcp/installers:debian'\r\n\r\n# Install packages. Default packages below are not required if using our existing install image thus speeding up the install process.\r\n#apt -y update\r\n#apt -y --no-install-recommends install curl lib32gcc-s1 ca-certificates\r\n\r\n## just in case someone removed the defaults.\r\nif [[ \"${STEAM_USER}\" == \"\" ]] || [[ \"${STEAM_PASS}\" == \"\" ]]; then\r\n    echo -e \"steam user is not set.\\n\"\r\n    echo -e \"Using anonymous user.\\n\"\r\n    STEAM_USER=anonymous\r\n    STEAM_PASS=\"\"\r\n    STEAM_AUTH=\"\"\r\nelse\r\n    echo -e \"user set to ${STEAM_USER}\"\r\nfi\r\n\r\n## download and install steamcmd\r\ncd /tmp\r\nmkdir -p /mnt/server/steamcmd\r\ncurl -sSL -o steamcmd.tar.gz https://steamcdn-a.akamaihd.net/client/installer/steamcmd_linux.tar.gz\r\ntar -xzvf steamcmd.tar.gz -C /mnt/server/steamcmd\r\nmkdir -p /mnt/server/steamapps # Fix steamcmd disk write error when this folder is missing\r\ncd /mnt/server/steamcmd\r\n\r\n# SteamCMD fails otherwise for some reason, even running as root.\r\n# This is changed at the end of the install process anyways.\r\nchown -R root:root /mnt\r\nexport HOME=/mnt/server\r\n\r\n## install game using steamcmd\r\n./steamcmd.sh +force_install_dir /mnt/server +login ${STEAM_USER} ${STEAM_PASS} ${STEAM_AUTH} $( [[ \"${WINDOWS_INSTALL}\" == \"1\" ]] \u0026\u0026 printf %s '+@sSteamCmdForcePlatformType windows' ) +app_update ${SRCDS_APPID} $( [[ -z ${SRCDS_BETAID} ]] || printf %s \"-beta ${SRCDS_BETAID}\" ) $( [[ -z ${SRCDS_BETAPASS} ]] || printf %s \"-betapassword ${SRCDS_BETAPASS}\" ) ${INSTALL_FLAGS} validate +quit ## other flags may be needed depending on install. looking at you cs 1.6\r\n\r\n## set up 32 bit libraries\r\nmkdir -p /mnt/server/.steam/sdk32\r\ncp -v linux32/steamclient.so ../.steam/sdk32/steamclient.so\r\n\r\n## set up 64 bit libraries\r\nmkdir -p /mnt/server/.steam/sdk64\r\ncp -v linux64/steamclient.so ../.steam/sdk64/steamclient.so\r\n\r\n## add below your custom commands if needed\r\n\r\n# Copying steamclient.so as per https://www.wurmpedia.com/index.php/Server_administration_(Wurm_Unlimited)#Headless\r\nmkdir -p /mnt/server/nativelibs\r\ncp -v linux64/steamclient.so /mnt/server/nativelibs\r\n\r\nmkdir -p ./backup\r\ncp ./WurmServerLauncher ./backup/\r\ncp -r ./dist/Adventure ./backup/\r\ncp -r ./dist/Creative ./backup/\r\n\r\n## install end\r\necho \"-----------------------------------------\"\r\necho \"Installation completed...\"\r\necho \"-----------------------------------------\""
        }
    },
    "variables": [
        {
            "name": "App ID",
            "description": "",
            "env_variable": "SRCDS_APPID",
            "default_value": "402370",
            "user_viewable": false,
            "user_editable": false,
            "rules": "required|string|in:402370",
            "field_type": "text"
        },
        {
            "name": "Auto update",
            "description": "Auto update on restart",
            "env_variable": "AUTO_UPDATE",
            "default_value": "1",
            "user_viewable": true,
            "user_editable": true,
            "rules": "required|boolean",
            "field_type": "text"
        },
        {
            "name": "Admin Passwod",
            "description": "Unlocks the admin commands from within the game, that can be used to change the gameplay settings of the server, such as skill gain rate and field growth time.",
            "env_variable": "ADMINPWD",
            "default_value": "",
            "user_viewable": true,
            "user_editable": true,
            "rules": "nullable|string|max:20",
            "field_type": "text"
        },
        {
            "name": "Query Port",
            "description": "Used to set the steam query port (27016-27030 UDP)",
            "env_variable": "QUERY_PORT",
            "default_value": "",
            "user_viewable": true,
            "user_editable": false,
            "rules": "required|int",
            "field_type": "text"
        },
        {
            "name": "Server Name",
            "description": "The name of the server that will be visible in server browsers.",
            "env_variable": "SERVERNAME",
            "default_value": "",
            "user_viewable": true,
            "user_editable": true,
            "rules": "required|string|max:64",
            "field_type": "text"
        },
        {
            "name": "Max Players",
            "description": "Sets the max number of players allowed on the server, if this is set through this command line option then the internal game commands to change the player limit will not work.",
            "env_variable": "MAX_PLAYERS",
            "default_value": "25",
            "user_viewable": true,
            "user_editable": false,
            "rules": "required|int",
            "field_type": "text"
        },
        {
            "name": "Enable PVP",
            "description": "",
            "env_variable": "PVP",
            "default_value": "true",
            "user_viewable": true,
            "user_editable": true,
            "rules": "required|string|in:true,false",
            "field_type": "text"
        },
        {
            "name": "Server Password",
            "description": "Sets the password that is used when trying to connect to the server.",
            "env_variable": "SERVERPWD",
            "default_value": "",
            "user_viewable": true,
            "user_editable": true,
            "rules": "nullable|string|max:64",
            "field_type": "text"
        },
        {
            "name": "Epic",
            "description": "If true the server will follow the rules from the Epic servers in Wurm Online. For instance it will use the skill curve.",
            "env_variable": "EPIC",
            "default_value": "false",
            "user_viewable": true,
            "user_editable": true,
            "rules": "required|string|in:true,false",
            "field_type": "text"
        },
        {
            "name": "Clean Logs on Start",
            "description": "Clear the logfile on server start",
            "env_variable": "SERVER_CLEAN_LOGS_ON_START",
            "default_value": "true",
            "user_viewable": true,
            "user_editable": true,
            "rules": "required|string|in:true,false",
            "field_type": "text"
        },
        {
            "name": "World",
            "description": "World to use when launching Wurm. The defaults provided are Creative and Adventure (case sensitive)",
            "env_variable": "SERVER_WORLD",
            "default_value": "dist/Adventure",
            "user_viewable": true,
            "user_editable": true,
            "rules": "required|string|max:128",
            "field_type": "text"
        },
        {
            "name": "Beta",
            "description": "Leave empty for the public branch and beta for the beta branch",
            "env_variable": "SRCDS_BETAID",
            "default_value": "",
            "user_viewable": true,
            "user_editable": true,
            "rules": "nullable|string|in:,beta",
            "field_type": "text"
        }
    ]
}