{
    "_comment": "DO NOT EDIT: FILE GENERATED AUTOMATICALLY BY PTERODACTYL PANEL - PTERODACTYL.IO",
    "meta": {
        "version": "PTDL_v2",
        "update_url": null
    },
    "exported_at": "2023-07-22T11:23:29+02:00",
    "name": "Risk of Rain 2",
    "author": "alex.chang-lam@protonmail.com",
    "description": "Risk of Rain 2 dedicated server.",
    "features": [
        "steam_disk_space"
    ],
    "docker_images": {
        "ghcr.io\/parkervcp\/yolks:wine_latest": "ghcr.io\/parkervcp\/yolks:wine_latest"
    },
    "file_denylist": [],
    "startup": "xvfb-run wine .\/\"Risk of Rain 2.exe\"",
    "config": {
        "files": "{\r\n    \".\/Risk of Rain 2_Data\/Config\/server.cfg\": {\r\n        \"parser\": \"file\",\r\n        \"find\": {\r\n            \"sv_password\": \"sv_password \\\"{{server.build.env.PASSWORD}}\\\";\",\r\n            \"steam_server_heartbeat_enabled\": \"steam_server_heartbeat_enabled {{server.build.env.ADVERTISE}};\",\r\n            \"sv_hostname\": \"sv_hostname \\\"{{server.build.env.HOSTNAME}}\\\";\",\r\n            \"sv_port\": \"sv_port {{server.build.default.port}};\",\r\n            \"steam_server_query_port\": \"steam_server_query_port {{server.build.env.QUERY}};\",\r\n            \"steam_server_steam_port\": \"steam_server_steam_port {{server.build.env.STEAM}};\",\r\n            \"sv_maxplayers\": \"sv_maxplayers {{server.build.env.PLAYERS}};\",\r\n            \"exec server;\": \"\",\r\n            \"host\": \"\",\r\n            \"remove_all_local_users;\": \"\"\r\n        }\r\n    }\r\n}",
        "startup": "{\r\n    \"done\": \"Press Enter to chat.\"\r\n}",
        "logs": "{}",
        "stop": "^^C"
    },
    "scripts": {
        "installation": {
            "script": "#!\/bin\/bash\r\n# steamcmd Base Installation Script\r\n#\r\n# Server Files: \/mnt\/server\r\n# Image to install with is 'ghcr.io\/parkervcp\/installers:debian'\r\n\r\n##\r\n#\r\n# Variables\r\n# STEAM_USER, STEAM_PASS, STEAM_AUTH - Steam user setup. If a user has 2fa enabled it will most likely fail due to timeout. Leave blank for anon install.\r\n# WINDOWS_INSTALL - if it's a windows server you want to install set to 1\r\n# SRCDS_APPID - steam app id found here - https:\/\/developer.valvesoftware.com\/wiki\/Dedicated_Servers_List\r\n# SRCDS_BETAID - beta branch of a steam app. Leave blank to install normal branch\r\n# SRCDS_BETAPASS - password for a beta branch should one be required during private or closed testing phases.. Leave blank for no password.\r\n# INSTALL_FLAGS - Any additional SteamCMD  flags to pass during install.. Keep in mind that steamcmd auto update process in the docker image might overwrite or ignore these when it performs update on server boot.\r\n# AUTO_UPDATE - Adding this variable to the egg allows disabling or enabling automated updates on boot. Boolean value. 0 to disable and 1 to enable.\r\n#\r\n ##\r\n\r\n# Install packages. Default packages below are not required if using our existing install image thus speeding up the install process.\r\n#apt -y update\r\n#apt -y --no-install-recommends install curl lib32gcc-s1 ca-certificates\r\n\r\n## just in case someone removed the defaults.\r\nif [[ \"${STEAM_USER}\" == \"\" ]] || [[ \"${STEAM_PASS}\" == \"\" ]]; then\r\n    echo -e \"steam user is not set.\\n\"\r\n    echo -e \"Using anonymous user.\\n\"\r\n    STEAM_USER=anonymous\r\n    STEAM_PASS=\"\"\r\n    STEAM_AUTH=\"\"\r\nelse\r\n    echo -e \"user set to ${STEAM_USER}\"\r\nfi\r\n\r\n## download and install steamcmd\r\ncd \/tmp\r\nmkdir -p \/mnt\/server\/steamcmd\r\ncurl -sSL -o steamcmd.tar.gz https:\/\/steamcdn-a.akamaihd.net\/client\/installer\/steamcmd_linux.tar.gz\r\ntar -xzvf steamcmd.tar.gz -C \/mnt\/server\/steamcmd\r\nmkdir -p \/mnt\/server\/steamapps # Fix steamcmd disk write error when this folder is missing\r\ncd \/mnt\/server\/steamcmd\r\n\r\n# SteamCMD fails otherwise for some reason, even running as root.\r\n# This is changed at the end of the install process anyways.\r\nchown -R root:root \/mnt\r\nexport HOME=\/mnt\/server\r\n\r\n## install game using steamcmd\r\n.\/steamcmd.sh +force_install_dir \/mnt\/server +login ${STEAM_USER} ${STEAM_PASS} ${STEAM_AUTH} $( [[ \"${WINDOWS_INSTALL}\" == \"1\" ]] && printf %s '+@sSteamCmdForcePlatformType windows' ) +app_update ${SRCDS_APPID} $( [[ -z ${SRCDS_BETAID} ]] || printf %s \"-beta ${SRCDS_BETAID}\" ) $( [[ -z ${SRCDS_BETAPASS} ]] || printf %s \"-betapassword ${SRCDS_BETAPASS}\" ) ${INSTALL_FLAGS} validate +quit ## other flags may be needed depending on install. looking at you cs 1.6\r\n\r\n##steam serverlist fix\r\nmkdir -p \/mnt\/server\/steamworks_sdk\r\n.\/steamcmd.sh +force_install_dir \/mnt\/server\/steamworks_sdk +@sSteamCmdForcePlatformType windows +login anonymous +app_update 1007 +quit\r\ncp \/mnt\/server\/steamworks_sdk\/*64.dll \/mnt\/server\/\r\n\r\n## set up 32 bit libraries\r\nmkdir -p \/mnt\/server\/.steam\/sdk32\r\ncp -v linux32\/steamclient.so ..\/.steam\/sdk32\/steamclient.so\r\n\r\n## set up 64 bit libraries\r\nmkdir -p \/mnt\/server\/.steam\/sdk64\r\ncp -v linux64\/steamclient.so ..\/.steam\/sdk64\/steamclient.so\r\n\r\n## add below your custom commands if needed\r\n\r\n#create custom server.cfg\r\ncp \"\/mnt\/server\/Risk of Rain 2_Data\/Config\/server_startup.cfg\" \"\/mnt\/server\/Risk of Rain 2_Data\/Config\/server.cfg\"\r\ntouch \"\/mnt\/server\/Risk of Rain 2_Data\/Config\/server_pregame.cfg\"\r\n\r\n## install end\r\necho \"-----------------------------------------\"\r\necho \"Installation completed...\"\r\necho \"-----------------------------------------\"",
            "container": "ghcr.io\/parkervcp\/installers:debian",
            "entrypoint": "bash"
        }
    },
    "variables": [
        {
            "name": "Server Password",
            "description": "Password to join server. Leave empty to disable.",
            "env_variable": "PASSWORD",
            "default_value": "",
            "user_viewable": true,
            "user_editable": true,
            "rules": "nullable|string|max:40",
            "field_type": "text"
        },
        {
            "name": "Server Hostname",
            "description": "The name that will be shown in the server browser.",
            "env_variable": "HOSTNAME",
            "default_value": "\"Risk of Rain 2 Dedicated Server\"",
            "user_viewable": true,
            "user_editable": true,
            "rules": "required|string|max:40",
            "field_type": "text"
        },
        {
            "name": "Max Players",
            "description": "Sets the maximum number of players.",
            "env_variable": "PLAYERS",
            "default_value": "4",
            "user_viewable": true,
            "user_editable": true,
            "rules": "required|string|max:20",
            "field_type": "text"
        },
        {
            "name": "Advertise Server",
            "description": "Display the server in the public server browser.\r\n1 = enabled\r\n0 = disabled",
            "env_variable": "ADVERTISE",
            "default_value": "1",
            "user_viewable": true,
            "user_editable": true,
            "rules": "required|boolean",
            "field_type": "text"
        },
        {
            "name": "Query Port",
            "description": "Query Port",
            "env_variable": "QUERY",
            "default_value": "27016",
            "user_viewable": true,
            "user_editable": false,
            "rules": "required|numeric",
            "field_type": "text"
        },
        {
            "name": "Steam Port",
            "description": "Steam Port is +1 query",
            "env_variable": "STEAM",
            "default_value": "27017",
            "user_viewable": false,
            "user_editable": false,
            "rules": "required|numeric",
            "field_type": "text"
        },
        {
            "name": "Auto Update",
            "description": "",
            "env_variable": "AUTO_UPDATE",
            "default_value": "1",
            "user_viewable": true,
            "user_editable": true,
            "rules": "boolean",
            "field_type": "text"
        },
        {
            "name": "SRCDS_APPID",
            "description": "",
            "env_variable": "SRCDS_APPID",
            "default_value": "1180760",
            "user_viewable": false,
            "user_editable": false,
            "rules": "required|string|max:20",
            "field_type": "text"
        },
        {
            "name": "WINEDEBUG",
            "description": "",
            "env_variable": "WINEDEBUG",
            "default_value": "-all",
            "user_viewable": false,
            "user_editable": false,
            "rules": "required|string|max:20",
            "field_type": "text"
        },
        {
            "name": "WINEARCH",
            "description": "",
            "env_variable": "WINEARCH",
            "default_value": "win64",
            "user_viewable": false,
            "user_editable": false,
            "rules": "required|string|max:20",
            "field_type": "text"
        },
        {
            "name": "WINEPATH",
            "description": "",
            "env_variable": "WINEPATH",
            "default_value": "\/home\/container",
            "user_viewable": false,
            "user_editable": false,
            "rules": "required|string|max:20",
            "field_type": "text"
        },
        {
            "name": "XVFB",
            "description": "",
            "env_variable": "XVFB",
            "default_value": "1",
            "user_viewable": false,
            "user_editable": false,
            "rules": "boolean",
            "field_type": "text"
        },
        {
            "name": "WINDOWS_INSTALL",
            "description": "",
            "env_variable": "WINDOWS_INSTALL",
            "default_value": "1",
            "user_viewable": false,
            "user_editable": false,
            "rules": "required|string|max:20",
            "field_type": "text"
        },
        {
            "name": "WINETRICKS_RUN",
            "description": "",
            "env_variable": "WINETRICKS_RUN",
            "default_value": "mono",
            "user_viewable": false,
            "user_editable": false,
            "rules": "required|string|max:20",
            "field_type": "text"
        }
    ]
}