{
    "_comment": "DO NOT EDIT: FILE GENERATED AUTOMATICALLY BY PTERODACTYL PANEL - PTERODACTYL.IO",
    "meta": {
        "version": "PTDL_v2",
        "update_url": null
    },
    "exported_at": "2024-01-14T15:48:28+01:00",
    "name": "Multi Theft Auto",
    "author": "info@six-gaming.com",
    "description": "What more could you want? Multi Theft Auto provides the best online Grand Theft Auto experience there is. Read on to find out more.",
    "features": null,
    "docker_images": {
        "ghcr.io\/parkervcp\/games:mta": "ghcr.io\/parkervcp\/games:mta"
    },
    "file_denylist": [],
    "startup": ".\/mta-server64 --port {{SERVER_PORT}} --httpport {{SERVER_WEBPORT}} -n",
    "config": {
        "files": "{}",
        "startup": "{\r\n    \"done\": \"Server started and is ready to accept connections\"\r\n}",
        "logs": "{}",
        "stop": "shutdown"
    },
    "scripts": {
        "installation": {
            "script": "#!\/bin\/bash\r\n\r\ncd \/tmp\r\ncurl -sSL -o multitheftauto_linux_x64.tar.gz https:\/\/linux.multitheftauto.com\/dl\/multitheftauto_linux_x64.tar.gz\r\ncurl -sSL -o mta-baseconfig.tar.gz https:\/\/linux.multitheftauto.com\/dl\/baseconfig.tar.gz\r\ncurl -sSL -o mtasa-resources-latest.zip https:\/\/mirror.multitheftauto.com\/mtasa\/resources\/mtasa-resources-latest.zip\r\n\r\nmkdir -p \/mnt\/server\r\ntar -xvf multitheftauto_linux_x64.tar.gz\r\ncp -rf multitheftauto_linux_x64\/* \/mnt\/server\r\n\r\nif [ ! -f \/mnt\/server\/x64\/libmysqlclient.so.16 ]; then\r\n    curl -L http:\/\/nightly.mtasa.com\/files\/libmysqlclient.so.16 -o \/mnt\/server\/x64\/libmysqlclient.so.16\r\nfi\r\n\r\nmkdir -p \/mnt\/server\/mods\/deathmatch\/resources\r\nunzip -o -d \/mnt\/server\/mods\/deathmatch\/resources mtasa-resources-latest.zip\r\n\r\ntar -xvf mta-baseconfig.tar.gz\r\ncp -rf baseconfig\/* \/mnt\/server\/mods\/deathmatch\r\n\r\nchown -R root:root \/mnt\r\n\r\nexport HOME=\/mnt\/server\r\n\r\n## install end\r\necho \"-----------------------------------------\"\r\necho \"Installation completed...\"\r\necho \"-----------------------------------------\"",
            "container": "ghcr.io\/parkervcp\/installers:ubuntu",
            "entrypoint": "bash"
        }
    },
    "variables": [
        {
            "name": "SERVER_WEBPORT",
            "description": "The http port for web resource.\r\nThis Port needs to be the {{SERVER_PORT}}+3.",
            "env_variable": "SERVER_WEBPORT",
            "default_value": "22005",
            "user_viewable": true,
            "user_editable": false,
            "rules": "required|numeric",
            "field_type": "text"
        }
    ]
}
