{
    "_comment": "DO NOT EDIT: FILE GENERATED AUTOMATICALLY BY PANEL",
    "meta": {
        "update_url": null,
        "version": "PTDL_v2"
    },
    "exported_at": "2024-06-02T14:43:54+00:00",
    "name": "Bun",
    "author": "mratox@protonmail.com",
    "description": "Bun is an incredibly fast JavaScript runtime, transpiler bundler, and npm package manager all-in-one.",
    "features": null,
    "docker_images": {
        "Bun Canary": "ghcr.io/parkervcp/yolks:bun_canary",
        "Bun Latest": "ghcr.io/parkervcp/yolks:bun_latest"
    },
    "file_denylist": [],
    "startup": "if [[ -d .git ]] \u0026\u0026 [[ {{AUTO_UPDATE}} == \"1\" ]]; then git pull; fi; if [[ ! -z ${BUN_PACKAGES} ]]; then bun install ${BUN_PACKAGES}; fi; if [[ ! -z ${RMBUN_PACKAGES} ]]; then bun remove ${RMBUN_PACKAGES}; fi; if [ -f /home/container/package.json ]; then bun install; fi; bun run {{MAIN_FILE}}",
    "config": {
        "files": "{}",
        "logs": "{}",
        "startup": "{\r\n    \"done\": [\r\n        \"change this text 1\",\r\n        \"change this text 2\"\r\n    ]\r\n}",
        "stop": "^^C"
    },
    "scripts": {
        "installation": {
            "container": "ghcr.io/parkervcp/installers:debian",
            "entrypoint": "bash",
            "script": "#!/bin/bash\r\n# Bun App Installation Script\r\n#\r\n# Server Files: /mnt/server\r\napt update\r\napt install -y git curl jq file unzip make gcc g++ python python-dev libtool\r\nmkdir -p /mnt/server\r\ncd /mnt/server\r\n\r\n\r\nmkdir -p /mnt/server\r\ncd /mnt/server\r\n\r\nif [ \"${USER_UPLOAD}\" == \"true\" ] || [ \"${USER_UPLOAD}\" == \"1\" ]; then\r\n    echo -e \"assuming user knows what they are doing have a good day.\"\r\n    exit 0\r\nfi\r\n\r\n## add git ending if it's not on the address\r\nif [[ ${GIT_ADDRESS} != *.git ]]; then\r\n    GIT_ADDRESS=${GIT_ADDRESS}.git\r\nfi\r\n\r\nif [ -z \"${USERNAME}\" ] \u0026\u0026 [ -z \"${ACCESS_TOKEN}\" ]; then\r\n    echo -e \"using anon api call\"\r\nelse\r\n    GIT_ADDRESS=\"https://${USERNAME}:${ACCESS_TOKEN}@$(echo -e ${GIT_ADDRESS} | cut -d/ -f3-)\"\r\nfi\r\n\r\n## pull git js bot repo\r\nif [ \"$(ls -A /mnt/server)\" ]; then\r\n    echo -e \"/mnt/server directory is not empty.\"\r\n    if [ -d .git ]; then\r\n        echo -e \".git directory exists\"\r\n        if [ -f .git/config ]; then\r\n            echo -e \"loading info from git config\"\r\n            ORIGIN=$(git config --get remote.origin.url)\r\n        else\r\n            echo -e \"files found with no git config\"\r\n            echo -e \"closing out without touching things to not break anything\"\r\n            exit 10\r\n        fi\r\n    fi\r\n\r\n    if [ \"${ORIGIN}\" == \"${GIT_ADDRESS}\" ]; then\r\n        echo \"pulling latest from github\"\r\n        git pull\r\n    fi\r\nelse\r\n    echo -e \"/mnt/server is empty.\\ncloning files into repo\"\r\n    if [ -z ${BRANCH} ]; then\r\n        echo -e \"cloning default branch\"\r\n        git clone ${GIT_ADDRESS} .\r\n    else\r\n        echo -e \"cloning ${BRANCH}'\"\r\n        git clone --single-branch --branch ${BRANCH} ${GIT_ADDRESS} .\r\n    fi\r\nfi\r\n\r\n\r\necho \"Installing bun packages\"\r\nif [[ ! -z ${BUN_PACKAGES} ]]; then\r\n    bun install ${BUN_PACKAGES}\r\nfi\r\n\r\nif [ -f /mnt/server/package.json ]; then\r\n    bun install --production\r\nfi\r\n\r\n## install end\r\necho \"-----------------------------------------\"\r\necho \"Installation completed...\"\r\necho \"-----------------------------------------\""
        }
    },
    "variables": [
        {
            "name": "Git Repository Address",
            "description": "The Git repository address to clone .",
            "env_variable": "GIT_ADDRESS",
            "default_value": "",
            "user_viewable": true,
            "user_editable": true,
            "rules": "nullable|string",
            "field_type": "text"
        },
        {
            "name": "User Uploaded Files",
            "description": "Skip all the install stuff if you are letting a user upload files.\r\n0 = false (default)\r\n1 = true",
            "env_variable": "USER_UPLOAD",
            "default_value": "0",
            "user_viewable": true,
            "user_editable": true,
            "rules": "required|boolean",
            "field_type": "text"
        },
        {
            "name": "Auto Update",
            "description": "Pull the latest files on startup when using a Git Repository.\r\n0 = false (default)\r\n1 = true",
            "env_variable": "AUTO_UPDATE",
            "default_value": "0",
            "user_viewable": true,
            "user_editable": true,
            "rules": "required|boolean",
            "field_type": "text"
        },
        {
            "name": "Main file",
            "description": "The main file passed to the bun run command",
            "env_variable": "MAIN_FILE",
            "default_value": "index.js",
            "user_viewable": true,
            "user_editable": true,
            "rules": "required|string",
            "field_type": "text"
        },
        {
            "name": "Additional Bun Packages",
            "description": "Install additional bun packages.\r\nUse spaces to separate",
            "env_variable": "BUN_PACKAGES",
            "default_value": "",
            "user_viewable": true,
            "user_editable": true,
            "rules": "nullable|string",
            "field_type": "text"
        },
        {
            "name": "Uninstall Bun Packages",
            "description": "Uninstall bun packages.\r\nUse spaces to separate",
            "env_variable": "RMBUN_PACKAGES",
            "default_value": "",
            "user_viewable": true,
            "user_editable": true,
            "rules": "nullable|string",
            "field_type": "text"
        },
        {
            "name": "Git Branch",
            "description": "The Git branch to install.",
            "env_variable": "BRANCH",
            "default_value": "",
            "user_viewable": true,
            "user_editable": true,
            "rules": "nullable|string",
            "field_type": "text"
        },
        {
            "name": "Git Username",
            "description": "Git username for authentication.",
            "env_variable": "USERNAME",
            "default_value": "",
            "user_viewable": true,
            "user_editable": true,
            "rules": "nullable|string",
            "field_type": "text"
        },
        {
            "name": "Git Access Token",
            "description": "Git access token for authentication.",
            "env_variable": "ACCESS_TOKEN",
            "default_value": "",
            "user_viewable": true,
            "user_editable": true,
            "rules": "nullable|string",
            "field_type": "text"
        }
    ]
}