{
    "_comment": "DO NOT EDIT: FILE GENERATED AUTOMATICALLY BY PANEL",
    "meta": {
        "version": "PTDL_v2",
        "update_url": "https:\/\/raw.githubusercontent.com\/pelican-eggs\/voice\/refs\/heads\/main\/ts3_manager\/egg-t-s3-manager.json"
    },
    "exported_at": "2024-10-26T06:20:58+00:00",
    "name": "TS3 Manager",
    "author": "eggs@goover.dev",
    "uuid": "f9e543c3-e8a5-4fb8-954b-f4b64c705ee3",
    "description": "The Open Source Webinterface For TeamSpeak Servers",
    "features": [],
    "docker_images": {
        "ghcr.io\/parkervcp\/yolks:debian": "ghcr.io\/parkervcp\/yolks:debian"
    },
    "file_denylist": [],
    "startup": ".\/start_ts3-manager -p ${SERVER_PORT}",
    "config": {
        "files": "{}",
        "startup": "{\r\n    \"done\": \"Server listening on\"\r\n}",
        "logs": "{}",
        "stop": "^C"
    },
    "scripts": {
        "installation": {
            "script": "#!\/bin\/bash\r\n\r\n## install needed packages\r\napt update\r\napt install -y git unzip jq wget tar curl\r\n\r\n## env\r\nexport HOME=\/mnt\/server\r\ncd $HOME\r\n\r\n## get release info and download links\r\nLATEST_RELEASE=$(curl -L -s -H 'Accept: application\/json' https:\/\/github.com\/${GITHUB_PACKAGE}\/releases\/latest)\r\nLATEST_VERSION=$(echo $LATEST_RELEASE | sed -e 's\/.*\"tag_name\":\"\\([^\"]*\\)\".*\/\\1\/')\r\n\r\nif [ -z \"${VERSION}\" ] || [ \"${VERSION}\" == \"latest\" ]; then\r\n    DOWNLOAD_LINK=\"https:\/\/github.com\/${GITHUB_PACKAGE}\/releases\/download\/$LATEST_VERSION\/$MATCH-$LATEST_VERSION\"\r\nelse \r\n    DOWNLOAD_LINK=\"https:\/\/github.com\/${GITHUB_PACKAGE}\/releases\/download\/v$VERSION\/$MATCH-$VERSION-v$VERSION\"\r\nfi\r\n\r\necho $DOWNLOAD_LINK\r\nwget $DOWNLOAD_LINK\r\n\r\nif [ -z \"${VERSION}\" ] || [ \"${VERSION}\" == \"latest\" ]; then\r\n    mv -f $MATCH-$LATEST_VERSION $HOME\/start_ts3-manager\r\n    chmod +x start_ts3-manager\r\nelse\r\n    mv -f $MATCH-v$VERSION $HOME\/start_ts3-manager\r\n    chmod start_ts3-manager\r\nfi\r\n\r\necho \"-------------------------------------------------------\"\r\necho \"Installation completed\"\r\necho \"-------------------------------------------------------\"",
            "container": "ghcr.io\/parkervcp\/installers:debian",
            "entrypoint": "bash"
        }
    },
    "variables": [
        {
            "name": "GITHUB_PACKAGE",
            "description": "",
            "env_variable": "GITHUB_PACKAGE",
            "default_value": "joni1802\/ts3-manager",
            "user_viewable": false,
            "user_editable": false,
            "rules": [
                "required",
                "string",
                "max:50"
            ],
            "sort": 1,
            "field_type": "text"
        },
        {
            "name": "VERSION",
            "description": "",
            "env_variable": "VERSION",
            "default_value": "latest",
            "user_viewable": true,
            "user_editable": true,
            "rules": [
                "required",
                "string",
                "max:30"
            ],
            "sort": 2,
            "field_type": "text"
        },
        {
            "name": "MATCH",
            "description": "",
            "env_variable": "MATCH",
            "default_value": "ts3-manager-linux-x64",
            "user_viewable": false,
            "user_editable": false,
            "rules": [
                "required",
                "string",
                "max:50"
            ],
            "sort": 3,
            "field_type": "text"
        }
    ]
}