{
    "_comment": "DO NOT EDIT: FILE GENERATED AUTOMATICALLY BY PANEL",
    "meta": {
        "version": "PTDL_v2",
        "update_url": null
    },
    "exported_at": "2024-06-01T00:17:11+00:00",
    "name": "Tachyon",
    "author": "alex.chang-lam@protonmail.com",
    "uuid": "364ef8b3-7c0a-4fad-b51a-44c03a4f54c8",
    "description": "A multiplayer version of FTL.",
    "features": null,
    "docker_images": {
        "Java_11": "ghcr.io\/pterodactyl\/yolks:java_11"
    },
    "file_denylist": [],
    "startup": "java -Xms128M -XX:MaxRAMPercentage=95.0 -Dterminal.jline=false -Dterminal.ansi=true -jar TachyonsCEServer.jar",
    "config": {
        "files": "{\r\n    \"config.cfg\": {\r\n        \"parser\": \"file\",\r\n        \"find\": {\r\n            \"SERVER_PORT=\": \"SERVER_PORT={{server.build.default.port}}\"\r\n        }\r\n    }\r\n}",
        "startup": "{\r\n    \"done\": \"[Server] SERVER STARTED.\"\r\n}",
        "logs": "{}",
        "stop": "\/exit"
    },
    "scripts": {
        "installation": {
            "script": "#!\/bin\/bash\r\n\r\napt update\r\napt install -y curl jq file unzip\r\n\r\nif [ ! -d \/mnt\/server\/ ]; then\r\n    mkdir -p \/mnt\/server\/\r\nfi\r\n\r\ncd \/mnt\/server\/\r\n\r\n## get release info and download links\r\nLATEST_JSON=$(curl --silent \"https:\/\/api.github.com\/repos\/Dav-Edward\/TachyonsCE\/releases\/latest\")\r\nRELEASES=$(curl --silent \"https:\/\/api.github.com\/repos\/Dav-Edward\/TachyonsCE\/releases\")\r\nMATCH=TachyonsCE\r\n\r\nif [ \"$(echo ${LATEST_JSON} | jq -r '.message')\" != \"Not Found\" ] && [[ -z \"${VERSION}\" || \"${VERSION}\" == \"latest\" ]]; then\r\n    echo -e \"grabbing latest version\"\r\n    DOWNLOAD_URL=$(echo ${LATEST_JSON} | jq .assets | jq -r .[].browser_download_url | grep -i ${MATCH})\r\nelif [ \"$(echo ${LATEST_JSON} | jq -r '.message')\" == \"Not Found\" ]; then\r\n    ## emergency fallback if latest isn't found\r\n    ## grabs the latest release even it it's a pre-release\r\n    echo -e \"grabbing latest pre-release\"\r\n    DOWNLOAD_URL=$(echo ${RELEASES} | jq -r '.[0].assets[].browser_download_url' | grep -i ${MATCH})\r\nelse\r\n    echo -e \"grabbing version $VERSION\"\r\n    VERSION_CHECK=$(echo ${RELEASES} | jq -r --arg VERSION \"${VERSION}\" '.[] | select(.tag_name==$VERSION) | .tag_name')\r\n    if [ \"${VERSION}\" == \"${VERSION_CHECK}\" ]; then\r\n        DOWNLOAD_URL=$(echo ${RELEASES} | jq -r --arg VERSION \"${VERSION}\" '.[] | select(.tag_name==$VERSION) | .assets[].browser_download_url' | grep -i ${MATCH})\r\n    else\r\n        echo -e \"defaulting to latest release\"\r\n        DOWNLOAD_URL=$(echo ${LATEST_JSON} | jq .assets | jq -r .[].browser_download_url)\r\n    fi\r\nfi\r\n\r\nif [ ! -z \"${DOWNLOAD_URL}\" ]; then \r\n    if curl --output \/dev\/null --silent --head --fail ${DOWNLOAD_URL}; then\r\n        echo -e \"link is valid. setting download link to ${DOWNLOAD_URL}\"\r\n        DOWNLOAD_LINK=${DOWNLOAD_URL}\r\n    else        \r\n        echo -e \"link is invalid closing out\"\r\n        exit 2\r\n    fi\r\nfi\r\n\r\ncurl --progress-bar -sSL -o ${DOWNLOAD_URL##*\/} ${DOWNLOAD_URL}\r\n\r\nFILETYPE=$(file -F ',' ${DOWNLOAD_LINK##*\/} | cut -d',' -f2 | cut -d' ' -f2)\r\nif [ \"$FILETYPE\" == \"gzip\" ]; then\r\n    tar xzvf ${DOWNLOAD_LINK##*\/}\r\nelif [ \"$FILETYPE\" == \"Zip\" ]; then\r\n    unzip -o ${DOWNLOAD_LINK##*\/}\r\nelif [ \"$FILETYPE\" == \"XZ\" ]; then\r\n    tar xvf ${DOWNLOAD_LINK##*\/}\r\nelse\r\n    echo -e \"unknown filetype. Exeting\"\r\n    exit 2 \r\nfi\r\n\r\n#move all server files out\r\nmv .\/server\/* .\/\r\n\r\n#remove zip and unneeded client-side and dev files\r\nrm -rf server\/ JRE\/ client\/ *.zip\r\n\r\n## install end\r\necho \"-----------------------------------------\"\r\necho \"Installation completed...\"\r\necho \"-----------------------------------------\"",
            "container": "ghcr.io\/parkervcp\/installers:debian",
            "entrypoint": "bash"
        }
    },
    "variables": [
        {
            "name": "Version",
            "description": "",
            "env_variable": "VERSION",
            "default_value": "latest",
            "user_viewable": true,
            "user_editable": true,
            "rules": "required|string|max:32",
            "sort": null,
            "field_type": "text"
        }
    ]
}