{
    "_comment": "DO NOT EDIT: FILE GENERATED AUTOMATICALLY BY PTERODACTYL PANEL - PTERODACTYL.IO",
    "meta": {
        "version": "PTDL_v2",
        "update_url": null
    },
    "exported_at": "2022-07-06T17:10:16+02:00",
    "name": "Teamspeak3 Server ARM64",
    "author": "josdekurk@gmail.com",
    "description": "VoIP software designed with security in mind, featuring crystal clear voice quality, endless customization options, and scalabilty up to thousands of simultaneous users.",
    "features": null,
    "docker_images": {
        "ghcr.io\/parkervcp\/yolks:box64": "ghcr.io\/parkervcp\/yolks:box64"
    },
    "file_denylist": [],
    "startup": "box64 .\/ts3server default_voice_port={{SERVER_PORT}} query_port={{QUERY_PORT}} filetransfer_ip=0.0.0.0 filetransfer_port={{FILE_TRANSFER}} serveradmin_password={{SERVERADMIN_PASSWORD}} license_accepted=1",
    "config": {
        "files": "{}",
        "startup": "{\r\n    \"done\": \"listening on 0.0.0.0:\"\r\n}",
        "logs": "{\r\n    \"custom\": true,\r\n    \"location\": \"logs\/ts3.log\"\r\n}",
        "stop": "^C"
    },
    "scripts": {
        "installation": {
            "script": "#!\/bin\/ash\r\n# TS3 Installation Script\r\n#\r\n# Server Files: \/mnt\/server\r\n\r\nif [ -z ${TS_VERSION} ] || [ ${TS_VERSION} == latest ]; then\r\n    TS_VERSION=$(curl -sSL https:\/\/teamspeak.com\/versions\/server.json | jq -r '.linux.x86_64.version')\r\nfi\r\n\r\ncd \/mnt\/server\r\n\r\necho -e \"getting files from http:\/\/files.teamspeak-services.com\/releases\/server\/${TS_VERSION}\/teamspeak3-server_linux_x86-${TS_VERSION}.tar.bz2\" \r\ncurl -L http:\/\/files.teamspeak-services.com\/releases\/server\/${TS_VERSION}\/teamspeak3-server_linux_amd64-${TS_VERSION}.tar.bz2 | tar -xvj --strip-components=1",
            "container": "ghcr.io\/pterodactyl\/installers:alpine",
            "entrypoint": "ash"
        }
    },
    "variables": [
        {
            "name": "Server Query Admin Password",
            "description": "The password for the server query admin user.",
            "env_variable": "SERVERADMIN_PASSWORD",
            "default_value": "",
            "user_viewable": true,
            "user_editable": true,
            "rules": "nullable|string|max:32",
            "field_type": "text"
        },
        {
            "name": "Server Version",
            "description": "The version of Teamspeak 3 to use when running the server.",
            "env_variable": "TS_VERSION",
            "default_value": "latest",
            "user_viewable": true,
            "user_editable": true,
            "rules": "required|string|max:6",
            "field_type": "text"
        },
        {
            "name": "File Transfer Port",
            "description": "The Teamspeak file transfer port",
            "env_variable": "FILE_TRANSFER",
            "default_value": "30033",
            "user_viewable": true,
            "user_editable": false,
            "rules": "required|integer|between:1,65535",
            "field_type": "text"
        },
        {
            "name": "Query Port",
            "description": "The Teamspeak Query Port",
            "env_variable": "QUERY_PORT",
            "default_value": "10011",
            "user_viewable": true,
            "user_editable": false,
            "rules": "required|integer|between:1,65535",
            "field_type": "text"
        }
    ]
}