{
    "_comment": "DO NOT EDIT: FILE GENERATED AUTOMATICALLY BY PANEL",
    "meta": {
        "version": "PTDL_v2",
        "update_url": null
    },
    "exported_at": "2024-06-02T14:43:55+00:00",
    "name": "Elixir",
    "author": "mravox@proton.me",
    "uuid": "80ba60b4-cc10-4e73-95ec-dd572e00cf6c",
    "description": "Elixir is a functional, concurrent, high-level general-purpose programming language that runs on the BEAM virtual machine, which is also used to implement the Erlang programming language.",
    "features": null,
    "docker_images": {
        "Elixir Latest": "ghcr.io\/parkervcp\/yolks:elixir_latest",
        "Elixir 1.15": "ghcr.io\/parkervcp\/yolks:elixir_1.15",
        "Elixir 1.14": "ghcr.io\/parkervcp\/yolks:elixir_1.14",
        "Elixir 1.13": "ghcr.io\/parkervcp\/yolks:elixir_1.13",
        "Elixir 1.12": "ghcr.io\/parkervcp\/yolks:elixir_1.12"
    },
    "file_denylist": [],
    "startup": "if [[ -d .git ]] && [[ {{AUTO_UPDATE}} == \"1\" ]]; then git pull; fi; mix deps.get; mix run --no-halt",
    "config": {
        "files": "{}",
        "startup": "{\r\n    \"done\": [\r\n        \"change this text 1\",\r\n        \"change this text 2\"\r\n    ]\r\n}",
        "logs": "{}",
        "stop": "^C"
    },
    "scripts": {
        "installation": {
            "script": "#!\/bin\/bash\r\n# Elixir App Installation Script\r\n#\r\n# Server Files: \/mnt\/server\r\nmkdir -p \/mnt\/server\r\ncd \/mnt\/server\r\n\r\n\r\nif [ \"${USER_UPLOAD}\" == \"true\" ] || [ \"${USER_UPLOAD}\" == \"1\" ]; then\r\n    echo -e \"assuming user knows what they are doing have a good day.\"\r\n    exit 0\r\nfi\r\n\r\n## add git ending if it's not on the address\r\nif [[ ${GIT_ADDRESS} != *.git ]]; then\r\n    GIT_ADDRESS=${GIT_ADDRESS}.git\r\nfi\r\n\r\nif [ -z \"${GIT_USERNAME}\" ] && [ -z \"${GIT_ACCESS_TOKEN}\" ]; then\r\n    echo -e \"using anon api call\"\r\nelse\r\n    GIT_ADDRESS=\"https:\/\/${GIT_USERNAME}:${GIT_ACCESS_TOKEN}@$(echo -e ${GIT_ADDRESS} | cut -d\/ -f3-)\"\r\nfi\r\n\r\n## pull git elixir repository\r\nif [ \"$(ls -A \/mnt\/server)\" ]; then\r\n    echo -e \"\/mnt\/server directory is not empty.\"\r\n    if [ -d .git ]; then\r\n        echo -e \".git directory exists\"\r\n        if [ -f .git\/config ]; then\r\n            echo -e \"loading info from git config\"\r\n            ORIGIN=$(git config --get remote.origin.url)\r\n        else\r\n            echo -e \"files found with no git config\"\r\n            echo -e \"closing out without touching things to not break anything\"\r\n            exit 10\r\n        fi\r\n    fi\r\n\r\n    if [ \"${ORIGIN}\" == \"${GIT_ADDRESS}\" ]; then\r\n        echo \"pulling latest from github\"\r\n        git pull\r\n    fi\r\nelse\r\n    echo -e \"\/mnt\/server is empty.\\ncloning files into repo\"\r\n    if [ -z ${GIT_BRANCH} ]; then\r\n        echo -e \"cloning default branch\"\r\n        git clone ${GIT_ADDRESS} .\r\n    else\r\n        echo -e \"cloning ${GIT_BRANCH}'\"\r\n        git clone --single-branch --branch ${GIT_BRANCH} ${GIT_ADDRESS} .\r\n    fi\r\nfi\r\n\r\n## install end\r\necho \"-----------------------------------------\"\r\necho \"Installation completed...\"\r\necho \"-----------------------------------------\"",
            "container": "ghcr.io\/parkervcp\/installers:debian",
            "entrypoint": "bash"
        }
    },
    "variables": [
        {
            "name": "Git Repository Address",
            "description": "The Git repository address to clone .",
            "env_variable": "GIT_ADDRESS",
            "default_value": "",
            "user_viewable": true,
            "user_editable": true,
            "rules": "nullable|string",
            "sort": null,
            "field_type": "text"
        },
        {
            "name": "Git Branch",
            "description": "The Git branch to install.",
            "env_variable": "GIT_BRANCH",
            "default_value": "",
            "user_viewable": true,
            "user_editable": true,
            "rules": "nullable|string",
            "sort": null,
            "field_type": "text"
        },
        {
            "name": "User Uploaded Files",
            "description": "Skip all the install stuff if you are letting a user upload files.\r\n0 = false (default)\r\n1 = true",
            "env_variable": "USER_UPLOAD",
            "default_value": "0",
            "user_viewable": true,
            "user_editable": true,
            "rules": "required|boolean",
            "sort": null,
            "field_type": "text"
        },
        {
            "name": "Auto Update",
            "description": "Pull the latest files on startup when using a Git Repository.\r\n0 = false (default)\r\n1 = true",
            "env_variable": "AUTO_UPDATE",
            "default_value": "0",
            "user_viewable": true,
            "user_editable": true,
            "rules": "required|boolean",
            "sort": null,
            "field_type": "text"
        },
        {
            "name": "Git Username",
            "description": "Git username for authentication.",
            "env_variable": "GIT_USERNAME",
            "default_value": "",
            "user_viewable": true,
            "user_editable": true,
            "rules": "nullable|string",
            "sort": null,
            "field_type": "text"
        },
        {
            "name": "Git Access Token",
            "description": "Git access token for authentication.",
            "env_variable": "GIT_ACCESS_TOKEN",
            "default_value": "",
            "user_viewable": true,
            "user_editable": true,
            "rules": "nullable|string",
            "sort": null,
            "field_type": "text"
        }
    ]
}