{
    "_comment": "DO NOT EDIT: FILE GENERATED AUTOMATICALLY BY PTERODACTYL PANEL - PTERODACTYL.IO",
    "meta": {
        "version": "PTDL_v2",
        "update_url": null
    },
    "exported_at": "2024-04-01T12:02:57+02:00",
    "name": "Post Scriptum",
    "author": "admin@softwarenoob.com",
    "description": "Post Scriptum is a WW2-themed first-person tactical shooter that provides an authentic WWII combat experience. Focusing on historical accuracy, large-scale battles, and a challenging battlefield demands an intense need for cohesion, communication, and teamwork.",
    "features": [
        "steam_disk_space"
    ],
    "docker_images": {
        "ghcr.io\/parkervcp\/steamcmd:debian": "ghcr.io\/parkervcp\/steamcmd:debian"
    },
    "file_denylist": [],
    "startup": "PostScriptum\/Binaries\/Linux\/PostScriptumServer Port={{SERVER_PORT}} QueryPort={{QUERY_PORT}} -RCONPORT={{RCON_PORT}} -RCONPASSWORD={{RCON_PASSWORD}} -fullcrashdump -log",
    "config": {
        "files": "{\r\n    \"PostScriptum\/ServerConfig\/Server.cfg\": {\r\n        \"parser\": \"file\",\r\n        \"find\": {\r\n            \"ServerName\": \"ServerName={{server.build.env.hostname}}\",\r\n            \"MaxPlayers\": \"MaxPlayers={{server.build.env.maxplayers}}\",\r\n            \"AllowTeamChanges\": \"AllowTeamChanges={{server.build.env.allowteamchange}}\",\r\n            \"ShouldAdvertise\": \"ShouldAdvertise={{server.build.env.advertise}}\",\r\n            \"NumReservedSlots\": \"NumReservedSlots={{server.build.env.reservedslots}}\",\r\n            \"PreventTeamChangeIfUnbalanced\": \"PreventTeamChangeIfUnbalanced={{server.build.env.team_change}}\",\r\n            \"EnforceTeamBalance\": \"EnforceTeamBalance={{server.build.env.teambalance}}\",\r\n            \"RecordDemos\": \"RecordDemos={{server.build.env.demo_recording}}\"\r\n        }\r\n    }\r\n}",
        "startup": "{\r\n    \"done\": \"Engine Initialization\"\r\n}",
        "logs": "{\r\n}",
        "stop": "^C"
    },
    "scripts": {
        "installation": {
            "script": "#!\/bin\/bash\r\n# steamcmd Base Installation Script\r\n#\r\n# Server Files: \/mnt\/server\r\n# Image to install with is 'ghcr.io\/parkervcp\/installers:debian'\r\n\r\n##\r\n#\r\n# Variables\r\n# STEAM_USER, STEAM_PASS, STEAM_AUTH - Steam user setup. If a user has 2fa enabled it will most likely fail due to timeout. Leave blank for anon install.\r\n# WINDOWS_INSTALL - if it's a windows server you want to install set to 1\r\n# SRCDS_APPID - steam app id found here - https:\/\/developer.valvesoftware.com\/wiki\/Dedicated_Servers_List\r\n# SRCDS_BETAID - beta branch of a steam app. Leave blank to install normal branch\r\n# SRCDS_BETAPASS - password for a beta branch should one be required during private or closed testing phases.. Leave blank for no password.\r\n# INSTALL_FLAGS - Any additional SteamCMD  flags to pass during install.. Keep in mind that steamcmd auto update process in the docker image might overwrite or ignore these when it performs update on server boot.\r\n# AUTO_UPDATE - Adding this variable to the egg allows disabling or enabling automated updates on boot. Boolean value. 0 to disable and 1 to enable.\r\n#\r\n ##\r\n\r\n# Install packages. Default packages below are not required if using our existing install image thus speeding up the install process.\r\n#apt -y update\r\n#apt -y --no-install-recommends install curl lib32gcc-s1 ca-certificates\r\n\r\n## just in case someone removed the defaults.\r\nif [[ \"${STEAM_USER}\" == \"\" ]] || [[ \"${STEAM_PASS}\" == \"\" ]]; then\r\n    echo -e \"steam user is not set.\\n\"\r\n    echo -e \"Using anonymous user.\\n\"\r\n    STEAM_USER=anonymous\r\n    STEAM_PASS=\"\"\r\n    STEAM_AUTH=\"\"\r\nelse\r\n    echo -e \"user set to ${STEAM_USER}\"\r\nfi\r\n\r\n## download and install steamcmd\r\ncd \/tmp\r\nmkdir -p \/mnt\/server\/steamcmd\r\ncurl -sSL -o steamcmd.tar.gz https:\/\/steamcdn-a.akamaihd.net\/client\/installer\/steamcmd_linux.tar.gz\r\ntar -xzvf steamcmd.tar.gz -C \/mnt\/server\/steamcmd\r\nmkdir -p \/mnt\/server\/steamapps # Fix steamcmd disk write error when this folder is missing\r\ncd \/mnt\/server\/steamcmd\r\n\r\n# SteamCMD fails otherwise for some reason, even running as root.\r\n# This is changed at the end of the install process anyways.\r\nchown -R root:root \/mnt\r\nexport HOME=\/mnt\/server\r\n\r\n## install game using steamcmd\r\n.\/steamcmd.sh +force_install_dir \/mnt\/server +login ${STEAM_USER} ${STEAM_PASS} ${STEAM_AUTH} $( [[ \"${WINDOWS_INSTALL}\" == \"1\" ]] && printf %s '+@sSteamCmdForcePlatformType windows' ) +app_update ${SRCDS_APPID} $( [[ -z ${SRCDS_BETAID} ]] || printf %s \"-beta ${SRCDS_BETAID}\" ) $( [[ -z ${SRCDS_BETAPASS} ]] || printf %s \"-betapassword ${SRCDS_BETAPASS}\" ) ${INSTALL_FLAGS} validate +quit ## other flags may be needed depending on install. looking at you cs 1.6\r\n\r\n## set up 32 bit libraries\r\nmkdir -p \/mnt\/server\/.steam\/sdk32\r\ncp -v linux32\/steamclient.so ..\/.steam\/sdk32\/steamclient.so\r\n\r\n## set up 64 bit libraries\r\nmkdir -p \/mnt\/server\/.steam\/sdk64\r\ncp -v linux64\/steamclient.so ..\/.steam\/sdk64\/steamclient.so\r\n\r\n## add below your custom commands if needed\r\n\r\n## install end\r\necho \"-----------------------------------------\"\r\necho \"Installation completed...\"\r\necho \"-----------------------------------------\"",
            "container": "ghcr.io\/parkervcp\/installers:debian",
            "entrypoint": "bash"
        }
    },
    "variables": [
        {
            "name": "Server Query Port",
            "description": "Server Query port",
            "env_variable": "QUERY_PORT",
            "default_value": "10037",
            "user_viewable": true,
            "user_editable": false,
            "rules": "required|numeric",
            "field_type": "text"
        },
        {
            "name": "RCON Port",
            "description": "Port used for RCON connections",
            "env_variable": "RCON_PORT",
            "default_value": "21114",
            "user_viewable": true,
            "user_editable": false,
            "rules": "required|numeric",
            "field_type": "text"
        },
        {
            "name": "RCON Password",
            "description": "Password for RCON connections, leave empty to disable.",
            "env_variable": "RCON_PASSWORD",
            "default_value": "",
            "user_viewable": true,
            "user_editable": true,
            "rules": "nullable|regex:\/^[a-zA-Z0-9]*$\/",
            "field_type": "text"
        },
        {
            "name": "Auto Update",
            "description": "Auto-update the game each time server is started, enter value 0 to disable.",
            "env_variable": "AUTO_UPDATE",
            "default_value": "1",
            "user_viewable": true,
            "user_editable": true,
            "rules": "required|boolean",
            "field_type": "text"
        },
        {
            "name": "Server Name",
            "description": "The name that will be displayed in the server browser list",
            "env_variable": "hostname",
            "default_value": "Pterodactyl Server",
            "user_viewable": true,
            "user_editable": true,
            "rules": "required|string|max:32",
            "field_type": "text"
        },
        {
            "name": "Max Players",
            "description": "Sets the maximum number of players.",
            "env_variable": "maxplayers",
            "default_value": "80",
            "user_viewable": true,
            "user_editable": true,
            "rules": "required|numeric",
            "field_type": "text"
        },
        {
            "name": "Allow Team Change",
            "description": "Allow players to change teams  (true\/false)",
            "env_variable": "allowteamchange",
            "default_value": "true",
            "user_viewable": true,
            "user_editable": true,
            "rules": "required|string|in:true,false",
            "field_type": "text"
        },
        {
            "name": "Advertise Server",
            "description": "Display the server in the public server browser list (true\/false)",
            "env_variable": "advertise",
            "default_value": "true",
            "user_viewable": true,
            "user_editable": true,
            "rules": "required|string|in:true,false",
            "field_type": "text"
        },
        {
            "name": "Reserved Slots",
            "description": "The number of reserved slots",
            "env_variable": "reservedslots",
            "default_value": "0",
            "user_viewable": true,
            "user_editable": true,
            "rules": "required|numeric|max:80",
            "field_type": "text"
        },
        {
            "name": "Prevent team change",
            "description": "This will prevent players from changing teams when teams are not balanced (true\/false)",
            "env_variable": "team_change",
            "default_value": "true",
            "user_viewable": true,
            "user_editable": true,
            "rules": "required|string|in:true,false",
            "field_type": "text"
        },
        {
            "name": "Enforce Team Balance",
            "description": "This will force team balance if the teams are uneven, by default 3 player difference. (true\/false)",
            "env_variable": "teambalance",
            "default_value": "true",
            "user_viewable": true,
            "user_editable": true,
            "rules": "required|string|in:true,false",
            "field_type": "text"
        },
        {
            "name": "Record Demos",
            "description": "This will record demos of the players (true\/false)",
            "env_variable": "demo_recording",
            "default_value": "true",
            "user_viewable": true,
            "user_editable": true,
            "rules": "required|string|in:true,false",
            "field_type": "text"
        },
        {
            "name": "ld lib path",
            "description": "This is required, do not touch it",
            "env_variable": "LD_LIBRARY_PATH",
            "default_value": ".",
            "user_viewable": false,
            "user_editable": false,
            "rules": "required|string",
            "field_type": "text"
        },
        {
            "name": "App ID",
            "description": "",
            "env_variable": "SRCDS_APPID",
            "default_value": "746200",
            "user_viewable": false,
            "user_editable": false,
            "rules": "required|string|in:746200",
            "field_type": "text"
        }
    ]
}