{
    "_comment": "DO NOT EDIT: FILE GENERATED AUTOMATICALLY BY PANEL",
    "meta": {
        "update_url": null,
        "version": "PTDL_v2"
    },
    "exported_at": "2024-06-01T00:17:04+00:00",
    "name": "RedM",
    "author": "parker@parkervcp.com",
    "description": "A new RedM egg for the latest builds due to recent changes in RedM",
    "features": null,
    "docker_images": {
        "ghcr.io/parkervcp/yolks:debian": "ghcr.io/parkervcp/yolks:debian"
    },
    "file_denylist": [],
    "startup": "$(pwd)/alpine/opt/cfx-server/ld-musl-x86_64.so.1 --library-path \"$(pwd)/alpine/usr/lib/v8/:$(pwd)/alpine/lib/:$(pwd)/alpine/usr/lib/\" -- $(pwd)/alpine/opt/cfx-server/FXServer +set citizen_dir $(pwd)/alpine/opt/cfx-server/citizen/ +set sv_licenseKey {{CFX_LICENSE}} +set steam_webApiKey {{STEAM_WEBAPIKEY}} +set sv_maxplayers {{MAX_PLAYERS}} +exec server.cfg +set gamename rdr3",
    "config": {
        "files": "{\r\n    \"server.cfg\": {\r\n        \"parser\": \"file\",\r\n        \"find\": {\r\n            \"endpoint_add_tcp\": \"endpoint_add_tcp \\\"0.0.0.0:{{server.build.default.port}}\\\"\",\r\n            \"endpoint_add_udp\": \"endpoint_add_udp \\\"0.0.0.0:{{server.build.default.port}}\\\"\",\r\n            \"sv_hostname\": \"sv_hostname \\\"{{server.build.env.SERVER_HOSTNAME}}\\\"\",\r\n            \"sv_maxclients\": \"sv_maxclients {{server.build.env.MAX_PLAYERS}}\"\r\n        }\r\n    }\r\n}",
        "logs": "{}",
        "startup": "{\r\n    \"done\": \"succeeded. Welcome!\"\r\n}",
        "stop": "^C"
    },
    "scripts": {
        "installation": {
            "container": "ghcr.io/parkervcp/installers:debian",
            "entrypoint": "bash",
            "script": "#!/bin/ash\r\n# CFx Installation Script\r\n#\r\n# Server Files: /mnt/server\r\napt update -y\r\napt install -y tar xz-utils file jq\r\n\r\nmkdir -p /mnt/server/resources /mnt/server/logs/\r\n\r\ncd /mnt/server\r\n\r\necho \"updating citizenfx resource files\"\r\ngit clone https://github.com/citizenfx/cfx-server-data.git /tmp\r\ncp -Rf /tmp/resources/* resources/\r\n\r\nRELEASE_PAGE=$(curl -sSL https://runtime.fivem.net/artifacts/fivem/build_proot_linux/master/)\r\nCHANGELOGS_PAGE=$(curl -sSL https://changelogs-live.fivem.net/api/changelog/versions/linux/server)\r\n\r\nif [[ \"${CFX_VERSION}\" == \"recommended\" ]] || [[ -z ${CFX_VERSION} ]]; then\r\n  DOWNLOAD_LINK=$(echo $CHANGELOGS_PAGE | jq -r '.recommended_download')\r\nelif [[ \"${CFX_VERSION}\" == \"latest\" ]]; then\r\n  DOWNLOAD_LINK=$(echo $CHANGELOGS_PAGE | jq -r '.latest_download')\r\nelse\r\n  VERSION_LINK=$(echo -e \"${RELEASE_PAGE}\" | grep -Eo '\".*/*.tar.xz\"' | grep -Po '(?\u003c=href=\")[^\"]*' | sed 's/\\\"//g' | sed 's/\\.\\///1' | grep ${CFX_VERSION})\r\n  if [[ \"${VERSION_LINK}\" == \"\" ]]; then\r\n    echo -e \"defaulting to recommedned as the version requested was invalid.\"\r\n    DOWNLOAD_LINK=$(echo $CHANGELOGS_PAGE | jq -r '.recommended_download')\r\n  else\r\n    DOWNLOAD_LINK=$(echo https://runtime.fivem.net/artifacts/fivem/build_proot_linux/master/${VERSION_LINK})\r\n  fi\r\nfi\r\n\r\nif [ ! -z \"${DOWNLOAD_URL}\" ]; then\r\n  if curl --output /dev/null --silent --head --fail ${DOWNLOAD_URL}; then\r\n    echo -e \"link is valid. setting download link to ${DOWNLOAD_URL}\"\r\n    DOWNLOAD_LINK=${DOWNLOAD_URL}\r\n  else\r\n    echo -e \"link is invalid closing out\"\r\n    exit 2\r\n  fi\r\nfi\r\n\r\necho -e \"Running curl -sSL ${DOWNLOAD_LINK} -o ${DOWNLOAD_LINK##*/}\"\r\n\r\ncurl -sSL ${DOWNLOAD_LINK} -o ${DOWNLOAD_LINK##*/}\r\n\r\necho \"Extracting fivem files\"\r\n\r\nFILETYPE=$(file -F ',' ${DOWNLOAD_LINK##*/} | cut -d',' -f2 | cut -d' ' -f2)\r\nif [ \"$FILETYPE\" == \"gzip\" ]; then\r\n  tar xzvf ${DOWNLOAD_LINK##*/}\r\nelif [ \"$FILETYPE\" == \"Zip\" ]; then\r\n  unzip ${DOWNLOAD_LINK##*/}\r\nelif [ \"$FILETYPE\" == \"XZ\" ]; then\r\n  tar xvf ${DOWNLOAD_LINK##*/}\r\nelse\r\n  echo -e \"unknown filetype. Exiting\"\r\n  exit 2\r\nfi\r\n\r\nrm -rf ${DOWNLOAD_LINK##*/} run.sh\r\n\r\nif [ -e server.cfg ]; then\r\n  echo \"server config file exists\"\r\nelse\r\n  echo \"Downloading default fivem config\"\r\n  curl https://raw.githubusercontent.com/parkervcp/eggs/master/game_eggs/gta/fivem/server.cfg \u003e\u003eserver.cfg\r\nfi\r\n\r\necho \"install complete\""
        }
    },
    "variables": [
        {
            "name": "CFX license",
            "description": "Required to start the service. Get your keys at https://keymaster.fivem.net/",
            "env_variable": "CFX_LICENSE",
            "default_value": "",
            "user_viewable": true,
            "user_editable": true,
            "rules": "required|string",
            "field_type": "text"
        },
        {
            "name": "Max Players",
            "description": "Set the fivem max play count",
            "env_variable": "MAX_PLAYERS",
            "default_value": "32",
            "user_viewable": true,
            "user_editable": false,
            "rules": "required|integer|between:1,32",
            "field_type": "text"
        },
        {
            "name": "Server Hostname",
            "description": "The name that shows up in the server browser",
            "env_variable": "SERVER_HOSTNAME",
            "default_value": "My new FXServer!",
            "user_viewable": true,
            "user_editable": true,
            "rules": "required|string",
            "field_type": "text"
        },
        {
            "name": "CFX version",
            "description": "The CFX Server version that is to be installed. Invalid versions will default to latest.\r\n\r\nan example is `1383-e5ea040353ce1b8bc86e37982bf5d888938e3096`\r\n\r\nYou can the latest version from here - https://runtime.fivem.net/artifacts/fivem/build_proot_linux/master/",
            "env_variable": "CFX_VERSION",
            "default_value": "latest",
            "user_viewable": true,
            "user_editable": true,
            "rules": "required|string|max:50",
            "field_type": "text"
        },
        {
            "name": "Download Link",
            "description": "This is the link to download redm from. This is only used in the install script.\r\n\r\nThe file you link to needs to be an fx.tar.zx file.\r\n\r\nExample:\r\nhttps://runtime.fivem.net/artifacts/fivem/build_proot_linux/master/1626-8c06e8bc3ed7e6690c6c2d9e0b90e29df65b3ea6/fx.tar.xz",
            "env_variable": "DOWNLOAD_URL",
            "default_value": "",
            "user_viewable": false,
            "user_editable": false,
            "rules": "string|nullable",
            "field_type": "text"
        },
        {
            "name": "Steam Web Api Key",
            "description": "Use your Steam WebApiKey or set to 'none'. Get your key at https://steamcommunity.com/dev/apikey/",
            "env_variable": "STEAM_WEBAPIKEY",
            "default_value": "none",
            "user_viewable": true,
            "user_editable": true,
            "rules": "required|string",
            "field_type": "text"
        }
    ]
}