{
    "_comment": "DO NOT EDIT: FILE GENERATED AUTOMATICALLY BY PANEL",
    "meta": {
        "version": "PTDL_v2",
        "update_url": null
    },
    "exported_at": "2024-06-01T00:05:03+00:00",
    "name": "Unturned",
    "author": "parker@parkervcp.com",
    "uuid": "4000c33b-91a2-4d50-8a1f-f998b334ad6e",
    "description": "Vanilla Unturned with the included RockerMod.",
    "features": [
        "steam_disk_space"
    ],
    "docker_images": {
        "ghcr.io\/parkervcp\/steamcmd:debian": "ghcr.io\/parkervcp\/steamcmd:debian"
    },
    "file_denylist": [],
    "startup": ".\/Unturned_Headless.x86_64 -batchmode -nographics -bind 0.0.0.0 -port {{SERVER_PORT}} -GSLT {{GSLT}} -Name \"{{SRV_NAME}}\" -Password {{SRV_PW}} +InternetServer\/{{SRV_ID}}",
    "config": {
        "files": "{}",
        "startup": "{\r\n    \"done\": \"Loading level: 100%\"\r\n}",
        "logs": "{}",
        "stop": "shutdown"
    },
    "scripts": {
        "installation": {
            "script": "#!\/bin\/bash\r\n# steamcmd Base Installation Script\r\n#\r\n# Server Files: \/mnt\/server\r\n# Image to install with is 'ghcr.io\/parkervcp\/installers:debian'\r\n\r\n\r\n## just in case someone removed the defaults.\r\nif [[ \"${STEAM_USER}\" == \"\" ]] || [[ \"${STEAM_PASS}\" == \"\" ]]; then\r\n    echo -e \"steam user is not set.\\n\"\r\n    echo -e \"Using anonymous user.\\n\"\r\n    STEAM_USER=anonymous\r\n    STEAM_PASS=\"\"\r\n    STEAM_AUTH=\"\"\r\nelse\r\n    echo -e \"user set to ${STEAM_USER}\"\r\nfi\r\n\r\n## download and install steamcmd\r\ncd \/tmp\r\nmkdir -p \/mnt\/server\/steamcmd\r\ncurl -sSL -o steamcmd.tar.gz https:\/\/steamcdn-a.akamaihd.net\/client\/installer\/steamcmd_linux.tar.gz\r\ntar -xzvf steamcmd.tar.gz -C \/mnt\/server\/steamcmd\r\nmkdir -p \/mnt\/server\/steamapps # Fix steamcmd disk write error when this folder is missing\r\ncd \/mnt\/server\/steamcmd\r\n\r\n# SteamCMD fails otherwise for some reason, even running as root.\r\n# This is changed at the end of the install process anyways.\r\nchown -R root:root \/mnt\r\nexport HOME=\/mnt\/server\r\n\r\n## install game using steamcmd\r\n.\/steamcmd.sh +force_install_dir \/mnt\/server +login ${STEAM_USER} ${STEAM_PASS} ${STEAM_AUTH} $( [[ \"${WINDOWS_INSTALL}\" == \"1\" ]] && printf %s '+@sSteamCmdForcePlatformType windows' ) +app_update ${SRCDS_APPID} $( [[ -z ${SRCDS_BETAID} ]] || printf %s \"-beta ${SRCDS_BETAID}\" ) $( [[ -z ${SRCDS_BETAPASS} ]] || printf %s \"-betapassword ${SRCDS_BETAPASS}\" ) ${INSTALL_FLAGS} validate +quit\r\n\r\n## set up 32 bit libraries\r\nmkdir -p \/mnt\/server\/.steam\/sdk32\r\ncp -v linux32\/steamclient.so ..\/.steam\/sdk32\/steamclient.so\r\n\r\n## set up 64 bit libraries\r\nmkdir -p \/mnt\/server\/.steam\/sdk64\r\ncp -v linux64\/steamclient.so ..\/.steam\/sdk64\/steamclient.so\r\n\r\n## add below your custom commands if needed\r\n\r\n## Specific to Unturned\r\ncd \/mnt\/server\/\r\nln -s ..\/..\/..\/steamcmd\/linux64\/steamclient.so Unturned_Headless_Data\/Plugins\/x86_64\/steamclient.so\r\nln -s ..\/Extras\/Rocket.Unturned\/ Modules\/\r\n\r\n## install end\r\necho \"-----------------------------------------\"\r\necho \"Installation completed...\"\r\necho \"-----------------------------------------\"",
            "container": "ghcr.io\/parkervcp\/installers:debian",
            "entrypoint": "bash"
        }
    },
    "variables": [
        {
            "name": "Server Name",
            "description": "",
            "env_variable": "SRV_NAME",
            "default_value": "Pterodactyl hosted Server",
            "user_viewable": true,
            "user_editable": true,
            "rules": "string|max:50",
            "sort": null,
            "field_type": "text"
        },
        {
            "name": "Server Password",
            "description": "",
            "env_variable": "SRV_PW",
            "default_value": "",
            "user_viewable": true,
            "user_editable": true,
            "rules": "nullable|string",
            "sort": null,
            "field_type": "text"
        },
        {
            "name": "GSLT",
            "description": "",
            "env_variable": "GSLT",
            "default_value": "",
            "user_viewable": true,
            "user_editable": true,
            "rules": "required|string",
            "sort": null,
            "field_type": "text"
        },
        {
            "name": "Server ID",
            "description": "ID of the server for savegames",
            "env_variable": "SRV_ID",
            "default_value": "PterodactylUnturned",
            "user_viewable": false,
            "user_editable": false,
            "rules": "string",
            "sort": null,
            "field_type": "text"
        },
        {
            "name": "Auto update",
            "description": "Auto update on restart",
            "env_variable": "AUTO_UPDATE",
            "default_value": "1",
            "user_viewable": true,
            "user_editable": true,
            "rules": "required|boolean",
            "sort": null,
            "field_type": "text"
        },
        {
            "name": "Steam App ID",
            "description": "Steam App ID require for install and startup update",
            "env_variable": "SRCDS_APPID",
            "default_value": "1110390",
            "user_viewable": false,
            "user_editable": false,
            "rules": "required|string|in:1110390",
            "sort": null,
            "field_type": "text"
        },
        {
            "name": "ld lib path",
            "description": "This is needed to load specific libraries",
            "env_variable": "LD_LIBRARY_PATH",
            "default_value": ".\/Unturned_Headless_Data\/Plugins\/x86_64\/",
            "user_viewable": false,
            "user_editable": false,
            "rules": "required|string",
            "sort": null,
            "field_type": "text"
        }
    ]
}