{
    "_comment": "DO NOT EDIT: FILE GENERATED AUTOMATICALLY BY PANEL",
    "meta": {
        "version": "PLCN_v1",
        "update_url": null
    },
    "exported_at": "2025-02-09T15:43:07+00:00",
    "name": "Redis-5",
    "author": "parker@parkervcp.com",
    "uuid": "5a02359e-3343-4af7-86dc-887c4a7a23ba",
    "description": "Redis is an open source (BSD licensed), in-memory data structure store, used as a database, cache and message broker. It supports data structures such as strings, hashes, lists, sets, sorted sets with range queries, bitmaps, hyperloglogs, geospatial indexes with radius queries and streams.",
    "features": [],
    "docker_images": {
        "ghcr.io\/parkervcp\/yolks:redis_5": "ghcr.io\/parkervcp\/yolks:redis_5"
    },
    "file_denylist": [],
    "startup": "redis-server --bind 0.0.0.0 --port {{SERVER_PORT}} --requirepass '{{SERVER_PASSWORD}}' --maxmemory {{SERVER_MEMORY}}mb --daemonize yes && redis-cli -p {{SERVER_PORT}} -a '{{SERVER_PASSWORD}}' && redis-cli -p {{SERVER_PORT}} -a '{{SERVER_PASSWORD}}' shutdown save",
    "config": {
        "files": "{}",
        "startup": "{\r\n    \"done\": \"Configuration loaded\"\r\n}",
        "logs": "{}",
        "stop": "exit"
    },
    "scripts": {
        "installation": {
            "script": "#!\/bin\/ash\r\n# Redis Installation Script\r\n#\r\n# Server Files: \/mnt\/server\r\n\r\nsleep 5\r\necho -e \"Install complete. Made this to not have issues.\"",
            "container": "ghcr.io\/parkervcp\/installers:alpine",
            "entrypoint": "ash"
        }
    },
    "variables": [
        {
            "name": "Redis Password",
            "description": "The password redis should use to secure the server.",
            "env_variable": "SERVER_PASSWORD",
            "default_value": "P@55w0rd",
            "user_viewable": true,
            "user_editable": true,
            "rules": [
                "required",
                "string"
            ],
            "sort": 1
        }
    ]
}