{
    "_comment": "DO NOT EDIT: FILE GENERATED AUTOMATICALLY BY PTERODACTYL PANEL - PTERODACTYL.IO",
    "meta": {
        "version": "PTDL_v2",
        "update_url": null
    },
    "exported_at": "2024-07-15T19:00:34+02:00",
    "name": "Palworld Proton",
    "author": "josdekurk@gmail.com",
    "description": "Fight, farm, build and work alongside mysterious creatures called \"Pals\" in this completely new multiplayer, open world survival and crafting game!",
    "features": [
        "steam_disk_space"
    ],
    "docker_images": {
        "Proton": "ghcr.io\/parkervcp\/steamcmd:proton"
    },
    "file_denylist": [],
    "startup": ".\/PalworldServerConfigParser; (while read cmd; do rcon -s -a \"localhost:$RCON_PORT\" -p \"$ADMIN_PASSWORD\" \"$cmd\";done) < \/dev\/stdin & proton run \/home\/container\/Pal\/Binaries\/Win64\/PalServer-Win64-Shipping.exe -publiclobby -useperfthreads -NoAsyncLoadingThread -UseMultithreadForDS -port={{SERVER_PORT}} -publicport={{SERVER_PORT}} -servername=\"{{SERVER_NAME}}\" -players={{MAX_PLAYERS}} $(if [ -n \"$SERVER_PASSWORD\" ]; then echo \"-serverpassword=\\\"${SERVER_PASSWORD}\\\"\"; fi) -adminpassword=\"{{ADMIN_PASSWORD}}\" -rcon",
    "config": {
        "files": "{}",
        "startup": "{\r\n    \"done\": \"up and running.\"\r\n}",
        "logs": "{}",
        "stop": "shutdown 5"
    },
    "scripts": {
        "installation": {
            "script": "#!\/bin\/bash\r\n# steamcmd Base Installation Script\r\n#\r\n# Server Files: \/mnt\/server\r\n# Image to install with is 'ghcr.io\/parkervcp\/installers:debian'\r\n\r\n\r\n# Install packages. Default packages below are not required if using our existing install image thus speeding up the install process.\r\n#apt -y update\r\n#apt -y --no-install-recommends install curl lib32gcc-s1 ca-certificates\r\n\r\n## just in case someone removed the defaults.\r\nif [[ \"${STEAM_USER}\" == \"\" ]] || [[ \"${STEAM_PASS}\" == \"\" ]]; then\r\n    echo -e \"steam user is not set.\\n\"\r\n    echo -e \"Using anonymous user.\\n\"\r\n    STEAM_USER=anonymous\r\n    STEAM_PASS=\"\"\r\n    STEAM_AUTH=\"\"\r\nelse\r\n    echo -e \"user set to ${STEAM_USER}\"\r\nfi\r\n\r\n## download and install steamcmd\r\ncd \/tmp\r\nmkdir -p \/mnt\/server\/steamcmd\r\ncurl -sSL -o steamcmd.tar.gz https:\/\/steamcdn-a.akamaihd.net\/client\/installer\/steamcmd_linux.tar.gz\r\ntar -xzvf steamcmd.tar.gz -C \/mnt\/server\/steamcmd\r\nmkdir -p \/mnt\/server\/steamapps # Fix steamcmd disk write error when this folder is missing\r\ncd \/mnt\/server\/steamcmd\r\n\r\n# SteamCMD fails otherwise for some reason, even running as root.\r\n# This is changed at the end of the install process anyways.\r\nchown -R root:root \/mnt\r\nexport HOME=\/mnt\/server\r\n\r\n## install game using steamcmd\r\n.\/steamcmd.sh +force_install_dir \/mnt\/server +login ${STEAM_USER} ${STEAM_PASS} ${STEAM_AUTH} $( [[ \"${WINDOWS_INSTALL}\" == \"1\" ]] && printf %s '+@sSteamCmdForcePlatformType windows' ) +app_update ${SRCDS_APPID} $( [[ -z ${SRCDS_BETAID} ]] || printf %s \"-beta ${SRCDS_BETAID}\" ) $( [[ -z ${SRCDS_BETAPASS} ]] || printf %s \"-betapassword ${SRCDS_BETAPASS}\" ) ${INSTALL_FLAGS} validate +quit ## other flags may be needed depending on install. looking at you cs 1.6\r\n\r\n## set up 32 bit libraries\r\nmkdir -p \/mnt\/server\/.steam\/sdk32\r\ncp -v linux32\/steamclient.so ..\/.steam\/sdk32\/steamclient.so\r\n\r\n## set up 64 bit libraries\r\nmkdir -p \/mnt\/server\/.steam\/sdk64\r\ncp -v linux64\/steamclient.so ..\/.steam\/sdk64\/steamclient.so\r\n\r\n## add below your custom commands if needed\r\n## copy template config file\r\necho \"Copy template config file into config folder!\"\r\n\r\nif [ -f \"\/mnt\/server\/Pal\/Saved\/Config\/WindowsServer\/PalWorldSettings.ini\" ]; then\r\n    echo \"Config file already exitis, backing up and overwriting with a new one\"\r\n    mv \/mnt\/server\/Pal\/Saved\/Config\/WindowsServer\/PalWorldSettings.ini \/mnt\/server\/Pal\/Saved\/Config\/WindowsServer\/PalWorldSettings_$(date +\"%Y%m%d%H%M%S\").ini\r\n    cp \/mnt\/server\/DefaultPalWorldSettings.ini \/mnt\/server\/Pal\/Saved\/Config\/WindowsServer\/PalWorldSettings.ini\r\nelse \r\n    echo \"Creating new config file\"\r\n    mkdir -p \/mnt\/server\/Pal\/Saved\/Config\/WindowsServer\r\n    cp \/mnt\/server\/DefaultPalWorldSettings.ini \/mnt\/server\/Pal\/Saved\/Config\/WindowsServer\/PalWorldSettings.ini\r\nfi\r\n\r\ncd \/mnt\/server\r\n# Download self made replace tool\r\necho \"Downloading config parser aplication\"\r\ncurl -sSL -o PalworldServerConfigParser https:\/\/github.com\/pelican-eggs\/Palworld-Config-Parser-Tool\/releases\/latest\/download\/PalworldServerConfigParser-linux-amd64\r\nchmod +x PalworldServerConfigParser\r\n\r\ncd \/tmp\r\ncurl -sSL -o \/mnt\/server\/Pal\/Binaries\/Win64\/winmm.dll https:\/\/raw.githubusercontent.com\/pelican-eggs\/games-steamcmd\/main\/palworld\/winmm.dll\r\n\r\nLATEST_JSON=$(curl --silent \"https:\/\/api.github.com\/repos\/UE4SS-RE\/RE-UE4SS\/releases\/latest\")\r\nMATCH=\"UE4SS_\"\r\nDOWNLOAD_URL=$(echo ${LATEST_JSON} | jq .assets | jq -r .[].browser_download_url | grep -i ${MATCH})\r\necho ${DOWNLOAD_URL}\r\ncurl -sSL -o ue4ss.zip ${DOWNLOAD_URL}\r\nunzip -o ue4ss.zip -d \/mnt\/server\/Pal\/Binaries\/Win64\r\n\r\n## install end\r\necho \"-----------------------------------------\"\r\necho \"Installation completed...\"\r\necho \"-----------------------------------------\"",
            "container": "ghcr.io\/parkervcp\/installers:debian",
            "entrypoint": "bash"
        }
    },
    "variables": [
        {
            "name": "App ID",
            "description": "Do not edit!",
            "env_variable": "SRCDS_APPID",
            "default_value": "2394010",
            "user_viewable": false,
            "user_editable": false,
            "rules": "required|string|in:2394010",
            "field_type": "text"
        },
        {
            "name": "Auto Update",
            "description": "Auto update the server on start.",
            "env_variable": "AUTO_UPDATE",
            "default_value": "1",
            "user_viewable": true,
            "user_editable": true,
            "rules": "required|boolean",
            "field_type": "text"
        },
        {
            "name": "Max Players",
            "description": "",
            "env_variable": "MAX_PLAYERS",
            "default_value": "32",
            "user_viewable": true,
            "user_editable": true,
            "rules": "required|numeric|between:1,32",
            "field_type": "text"
        },
        {
            "name": "Server Name",
            "description": "",
            "env_variable": "SERVER_NAME",
            "default_value": "A Pterodactyl hosted Palworld Server",
            "user_viewable": true,
            "user_editable": true,
            "rules": "required|string|max:64",
            "field_type": "text"
        },
        {
            "name": "Server Password",
            "description": "If specified, players must provide this password to join the server.",
            "env_variable": "SERVER_PASSWORD",
            "default_value": "",
            "user_viewable": true,
            "user_editable": true,
            "rules": "nullable|alpha_dash|between:1,30",
            "field_type": "text"
        },
        {
            "name": "Admin Password",
            "description": "If specified, players must provide this password (via the in-game chat or RCON) to gain access to administrator commands on the server.",
            "env_variable": "ADMIN_PASSWORD",
            "default_value": "",
            "user_viewable": true,
            "user_editable": true,
            "rules": "required|alpha_dash|between:1,30",
            "field_type": "text"
        },
        {
            "name": "Public IP",
            "description": "Set this to the server public ip address.\r\nOnly needed if the allocation is a local ip, else the allocate ip will be used automatically",
            "env_variable": "PUBLIC_IP",
            "default_value": "",
            "user_viewable": true,
            "user_editable": false,
            "rules": "nullable|string",
            "field_type": "text"
        },
        {
            "name": "RCON Port",
            "description": "Does not need to be allocated!",
            "env_variable": "RCON_PORT",
            "default_value": "25575",
            "user_viewable": true,
            "user_editable": false,
            "rules": "required|numeric",
            "field_type": "text"
        },
        {
            "name": "Enable RCON",
            "description": "Must Be ON",
            "env_variable": "RCON_ENABLE",
            "default_value": "True",
            "user_viewable": false,
            "user_editable": false,
            "rules": "required|string|in:True",
            "field_type": "text"
        },
        {
            "name": "Server Description",
            "description": "The description of the server.",
            "env_variable": "SERVER_DESCRIPTION",
            "default_value": "",
            "user_viewable": true,
            "user_editable": true,
            "rules": "nullable|string|max:128",
            "field_type": "text"
        },
        {
            "name": "WINDOWS_INSTALL",
            "description": "",
            "env_variable": "WINDOWS_INSTALL",
            "default_value": "1",
            "user_viewable": false,
            "user_editable": false,
            "rules": "required|in:1",
            "field_type": "text"
        },
        {
            "name": "Connection Platfrom",
            "description": "The platform players will be able to connect from",
            "env_variable": "ALLOW_CONNECT_PLATFORM",
            "default_value": "Steam",
            "user_viewable": true,
            "user_editable": true,
            "rules": "required|string|in:Steam,Xbox",
            "field_type": "text"
        }
    ]
}