{
    "_comment": "DO NOT EDIT: FILE GENERATED AUTOMATICALLY BY PANEL",
    "meta": {
        "update_url": null,
        "version": "PTDL_v2"
    },
    "exported_at": "2024-06-01T19:39:44+00:00",
    "name": "FTB Revelation",
    "author": "aevum@decess.us",
    "description": "Revelation is a general all-purpose pack that is designed for solo play as well as small and medium population servers. This pack contains a mix of magic, tech and exploration mods, and is the largest pack ever built and released by the Feed The Beast Team.",
    "features": [
        "eula",
        "java_version",
        "pid_limit"
    ],
    "docker_images": {
        "ghcr.io/parkervcp/yolks:java_8": "ghcr.io/parkervcp/yolks:java_8"
    },
    "file_denylist": [],
    "startup": "java -Xms128M -Xmx{{SERVER_MEMORY}}M -jar FTBserver-*.jar",
    "config": {
        "files": "{\r\n    \"server.properties\": {\r\n        \"parser\": \"properties\",\r\n        \"find\": {\r\n            \"server-ip\": \"0.0.0.0\",\r\n            \"server-port\": \"{{server.build.default.port}}\",\r\n            \"query.port\": \"{{server.build.default.port}}\"\r\n        }\r\n    }\r\n}",
        "logs": "{}",
        "startup": "{\r\n    \"done\": \")! For help, type \"\r\n}",
        "stop": "stop"
    },
    "scripts": {
        "installation": {
            "container": "ghcr.io/parkervcp/installers:alpine",
            "entrypoint": "ash",
            "script": "#!/bin/ash\r\n# Forge Installation Script\r\n#\r\n# Server Files: /mnt/server\r\n\r\nBASEURL=https://www.feed-the-beast.com/projects/ftb-revelation/files\r\nPATTERN=\"(projects\\/ftb-revelation\\/files\\/\\d{7,})\"\r\nID=`curl -sl ${BASEURL}| grep -A2 ${MODPACK_VERSION} | grep -oE \"${PATTERN}\"`\r\nSECONDURL=https://www.feed-the-beast.com/${ID}\r\nGOOD_ID=`curl -sl ${SECONDURL} | grep -B2 Server_${MODPACK_VERSION}.zip | grep -oE \"${PATTERN}\"`\r\n\r\nDL_URL=https://www.feed-the-beast.com/${GOOD_ID}/download\r\n\r\ncd /mnt/server\r\n\r\ncurl -L ${DL_URL} -o ftbrevelations-${MODPACK_VERSION}.zip\r\n\r\nunzip ftbrevelations-${MODPACK_VERSION}.zip\r\n\r\nrm -rf ftbrevelations-${MODPACK_VERSION}.zip\r\n\r\nsh ./FTBInstall.sh\r\n\r\n\r\n## install end\r\necho \"-----------------------------------------\"\r\necho \"Installation completed...\"\r\necho \"-----------------------------------------\""
        }
    },
    "variables": [
        {
            "name": "Modpack Version",
            "description": "Version of the modpack to use",
            "env_variable": "MODPACK_VERSION",
            "default_value": "2.4.1",
            "user_viewable": true,
            "user_editable": true,
            "rules": "required|string|max:20",
            "field_type": "text"
        }
    ]
}