{
    "_comment": "DO NOT EDIT: FILE GENERATED AUTOMATICALLY BY PTERODACTYL PANEL - PTERODACTYL.IO",
    "meta": {
        "version": "PTDL_v2",
        "update_url": null
    },
    "exported_at": "2024-04-02T11:43:32+02:00",
    "name": "Tower Unite",
    "author": "teamwuffy@gmail.com",
    "description": "Tower Unite\r\n\r\nDefault Port: 7778\r\nDefault Query Port: 27016\r\n\r\nConfig Path: Tower\/Saved\/Config\/TowerServer.ini",
    "features": [
        "steam_disk_space"
    ],
    "docker_images": {
        "ghcr.io\/parkervcp\/steamcmd:debian": "ghcr.io\/parkervcp\/steamcmd:debian"
    },
    "file_denylist": [],
    "startup": ".\/Tower\/Binaries\/Linux\/TowerServer-Linux-Shipping -log -Port={{SERVER_PORT}} -MULTIHOME=0.0.0.0 -TowerServerINI=..\/..\/Saved\/Config\/TowerServer.ini",
    "config": {
        "files": "{\r\n    \"Tower\/Saved\/Config\/TowerServer.ini\": {\r\n        \"parser\": \"properties\",\r\n        \"find\": {\r\n            \"MaxPlayers\": \"{{server.build.env.SERVER_MAX_PLAYER}}\",\r\n            \"ServerTitle\": \"{{server.build.env.SERVER_TITLE}}\",\r\n            \"SteamLoginToken\": \"{{server.build.env.STEAM_LOGIN_TOKEN}}\",\r\n            \"AdminSteamID\": \"{{server.build.env.STEAM_ADMIN_ID}}\"\r\n        }\r\n    }\r\n}",
        "startup": "{\r\n    \"done\": \"Match State Changed from EnteringMap to WaitingToStart\"\r\n}",
        "logs": "{}",
        "stop": "^C"
    },
    "scripts": {
        "installation": {
            "script": "#!\/bin\/bash\r\n# steamcmd Base Installation Script\r\n#\r\n# Server Files: \/mnt\/server\r\n# Image to install with is 'ghcr.io\/parkervcp\/installers:debian'\r\n\r\n##\r\n#\r\n# Variables\r\n# STEAM_USER, STEAM_PASS, STEAM_AUTH - Steam user setup. If a user has 2fa enabled it will most likely fail due to timeout. Leave blank for anon install.\r\n# WINDOWS_INSTALL - if it's a windows server you want to install set to 1\r\n# SRCDS_APPID - steam app id found here - https:\/\/developer.valvesoftware.com\/wiki\/Dedicated_Servers_List\r\n# SRCDS_BETAID - beta branch of a steam app. Leave blank to install normal branch\r\n# SRCDS_BETAPASS - password for a beta branch should one be required during private or closed testing phases.. Leave blank for no password.\r\n# INSTALL_FLAGS - Any additional SteamCMD  flags to pass during install.. Keep in mind that steamcmd auto update process in the docker image might overwrite or ignore these when it performs update on server boot.\r\n# AUTO_UPDATE - Adding this variable to the egg allows disabling or enabling automated updates on boot. Boolean value. 0 to disable and 1 to enable.\r\n#\r\n ##\r\n\r\n# Install packages. Default packages below are not required if using our existing install image thus speeding up the install process.\r\n#apt -y update\r\n#apt -y --no-install-recommends install curl lib32gcc-s1 ca-certificates\r\n\r\n## just in case someone removed the defaults.\r\nif [[ \"${STEAM_USER}\" == \"\" ]] || [[ \"${STEAM_PASS}\" == \"\" ]]; then\r\n    echo -e \"steam user is not set.\\n\"\r\n    echo -e \"Using anonymous user.\\n\"\r\n    STEAM_USER=anonymous\r\n    STEAM_PASS=\"\"\r\n    STEAM_AUTH=\"\"\r\nelse\r\n    echo -e \"user set to ${STEAM_USER}\"\r\nfi\r\n\r\n## download and install steamcmd\r\ncd \/tmp\r\nmkdir -p \/mnt\/server\/steamcmd\r\ncurl -sSL -o steamcmd.tar.gz https:\/\/steamcdn-a.akamaihd.net\/client\/installer\/steamcmd_linux.tar.gz\r\ntar -xzvf steamcmd.tar.gz -C \/mnt\/server\/steamcmd\r\nmkdir -p \/mnt\/server\/steamapps # Fix steamcmd disk write error when this folder is missing\r\ncd \/mnt\/server\/steamcmd\r\n\r\n# SteamCMD fails otherwise for some reason, even running as root.\r\n# This is changed at the end of the install process anyways.\r\nchown -R root:root \/mnt\r\nexport HOME=\/mnt\/server\r\n\r\n## install game using steamcmd\r\n.\/steamcmd.sh +force_install_dir \/mnt\/server +login ${STEAM_USER} ${STEAM_PASS} ${STEAM_AUTH} $( [[ \"${WINDOWS_INSTALL}\" == \"1\" ]] && printf %s '+@sSteamCmdForcePlatformType windows' ) +app_update ${SRCDS_APPID} $( [[ -z ${SRCDS_BETAID} ]] || printf %s \"-beta ${SRCDS_BETAID}\" ) $( [[ -z ${SRCDS_BETAPASS} ]] || printf %s \"-betapassword ${SRCDS_BETAPASS}\" ) ${INSTALL_FLAGS} validate +quit ## other flags may be needed depending on install. looking at you cs 1.6\r\n\r\n## set up 32 bit libraries\r\nmkdir -p \/mnt\/server\/.steam\/sdk32\r\ncp -v linux32\/steamclient.so ..\/.steam\/sdk32\/steamclient.so\r\n\r\n## set up 64 bit libraries\r\nmkdir -p \/mnt\/server\/.steam\/sdk64\r\ncp -v linux64\/steamclient.so ..\/.steam\/sdk64\/steamclient.so\r\n\r\n## add below your custom commands if needed\r\n\r\ncd mnt\/server\r\n\r\nmkdir -p Tower\/Saved\/Config\r\nmkdir -p Tower\/Binaries\/Linux\r\n\r\nmv \/mnt\/server\/steamcmd\/linux64\/steamclient.so \/mnt\/server\/Tower\/Binaries\/Linux\r\n\r\ncat <<EOF >> Tower\/Saved\/Config\/TowerServer.ini\r\n[\/script\/towernetworking.dedicatedserveroptions]\r\nMaxPlayers=$SERVER_MAX_PLAYER\r\nServerTitle=$SERVER_TITLE\r\nSteamLoginToken=$STEAM_LOGIN_TOKEN\r\n\r\n[Administration]\r\nAdminSteamID=$STEAM_ADMIN_ID\r\nEOF\r\n\r\n## install end\r\necho \"-----------------------------------------\"\r\necho \"Installation completed...\"\r\necho \"-----------------------------------------\"",
            "container": "ghcr.io\/parkervcp\/installers:debian",
            "entrypoint": "bash"
        }
    },
    "variables": [
        {
            "name": "Steam Login Token",
            "description": "Login and generate a token for the app-id: 394690\r\nhttps:\/\/steamcommunity.com\/dev\/managegameservers",
            "env_variable": "STEAM_LOGIN_TOKEN",
            "default_value": "",
            "user_viewable": true,
            "user_editable": true,
            "rules": "required|string|max:100",
            "field_type": "text"
        },
        {
            "name": "Steam Admin ID",
            "description": "Note that your admin id is only a number!",
            "env_variable": "STEAM_ADMIN_ID",
            "default_value": "",
            "user_viewable": true,
            "user_editable": true,
            "rules": "required|integer|max:76561202255233023",
            "field_type": "text"
        },
        {
            "name": "Server Title",
            "description": "",
            "env_variable": "SERVER_TITLE",
            "default_value": "Tower Unite Server",
            "user_viewable": true,
            "user_editable": true,
            "rules": "required|string|max:512",
            "field_type": "text"
        },
        {
            "name": "Max Players",
            "description": "",
            "env_variable": "SERVER_MAX_PLAYER",
            "default_value": "40",
            "user_viewable": false,
            "user_editable": false,
            "rules": "required|integer|max:512",
            "field_type": "text"
        },
        {
            "name": "App ID",
            "description": "",
            "env_variable": "SRCDS_APPID",
            "default_value": "439660",
            "user_viewable": false,
            "user_editable": false,
            "rules": "required|string|in:439660",
            "field_type": "text"
        },
        {
            "name": "Auto Update",
            "description": "Auto update the server on startup.",
            "env_variable": "AUTO_UPDATE",
            "default_value": "1",
            "user_viewable": true,
            "user_editable": true,
            "rules": "required|boolean",
            "field_type": "text"
        }
    ]
}