{
    "_comment": "DO NOT EDIT: FILE GENERATED AUTOMATICALLY BY PANEL",
    "meta": {
        "version": "PLCN_v1",
        "update_url": null
    },
    "exported_at": "2025-02-16T11:00:13+00:00",
    "name": "Abiotic Factor",
    "author": "git@robsti.dev",
    "uuid": "e4316a24-7f8a-458a-a462-57d8f3f4b0cd",
    "description": "Abiotic Factor is a survival crafting experience for 1-6 players set in the depths of an underground research facility. Caught between paranormal containment failure, a military crusade, and chaos from a dozen realms, the world\u2019s greatest minds must survive against the universe\u2019s biggest threats.",
    "features": [
        "steam_disk_space"
    ],
    "docker_images": {
        "ghcr.io\/parkervcp\/steamcmd:proton": "ghcr.io\/parkervcp\/steamcmd:proton"
    },
    "file_denylist": [],
    "startup": "cd \/home\/container\/AbioticFactor\/Binaries\/Win64; proton run .\/AbioticFactorServer-Win64-Shipping.exe -log -useperfthreads -NoAsyncLoadingThread -MaxServerPlayers={{NUM_PLAYERS}} -Port={{SERVER_PORT}} -QueryPort={{QUERY_PORT}} -ServerPassword=\"{{SERVER_PASSWORD}}\" -SteamServerName=\"{{SERVER_NAME}}\" & AF_PID=$!; tail -c0 -F \/home\/container\/AbioticFactor\/Saved\/Logs\/AbioticFactor.log --pid=$AF_PID",
    "config": {
        "files": "{}",
        "startup": "{\r\n    \"done\": \"LogInit: Display: Engine is initialized.\"\r\n}",
        "logs": "{}",
        "stop": "^C"
    },
    "scripts": {
        "installation": {
            "script": "#!\/bin\/bash\r\n# steamcmd Base Installation Script\r\n#\r\n# Server Files: \/mnt\/server\r\n# Image to install with is 'ghcr.io\/parkervcp\/installers:debian'\r\n\r\n##\r\n#\r\n# Variables\r\n# STEAM_USER, STEAM_PASS, STEAM_AUTH - Steam user setup. If a user has 2fa enabled it will most likely fail due to timeout. Leave blank for anon install.\r\n# WINDOWS_INSTALL - if it's a windows server you want to install set to 1\r\n# SRCDS_APPID - steam app id found here - https:\/\/developer.valvesoftware.com\/wiki\/Dedicated_Servers_List\r\n# SRCDS_BETAID - beta branch of a steam app. Leave blank to install normal branch\r\n# SRCDS_BETAPASS - password for a beta branch should one be required during private or closed testing phases.. Leave blank for no password.\r\n# INSTALL_FLAGS - Any additional SteamCMD  flags to pass during install.. Keep in mind that steamcmd auto update process in the docker image might overwrite or ignore these when it performs update on server boot.\r\n# AUTO_UPDATE - Adding this variable to the egg allows disabling or enabling automated updates on boot. Boolean value. 0 to disable and 1 to enable.\r\n#\r\n ##\r\n\r\n# Install packages. Default packages below are not required if using our existing install image thus speeding up the install process.\r\n#apt -y update\r\n#apt -y --no-install-recommends install curl lib32gcc-s1 ca-certificates\r\n\r\n## just in case someone removed the defaults.\r\nif [[ \"${STEAM_USER}\" == \"\" ]] || [[ \"${STEAM_PASS}\" == \"\" ]]; then\r\n    echo -e \"steam user is not set.\\n\"\r\n    echo -e \"Using anonymous user.\\n\"\r\n    STEAM_USER=anonymous\r\n    STEAM_PASS=\"\"\r\n    STEAM_AUTH=\"\"\r\nelse\r\n    echo -e \"user set to ${STEAM_USER}\"\r\nfi\r\n\r\n## download and install steamcmd\r\ncd \/tmp\r\nmkdir -p \/mnt\/server\/steamcmd\r\ncurl -sSL -o steamcmd.tar.gz https:\/\/steamcdn-a.akamaihd.net\/client\/installer\/steamcmd_linux.tar.gz\r\ntar -xzvf steamcmd.tar.gz -C \/mnt\/server\/steamcmd\r\nmkdir -p \/mnt\/server\/steamapps # Fix steamcmd disk write error when this folder is missing\r\ncd \/mnt\/server\/steamcmd\r\n\r\n# SteamCMD fails otherwise for some reason, even running as root.\r\n# This is changed at the end of the install process anyways.\r\nchown -R root:root \/mnt\r\nexport HOME=\/mnt\/server\r\n\r\n## install game using steamcmd\r\n.\/steamcmd.sh +force_install_dir \/mnt\/server +login ${STEAM_USER} ${STEAM_PASS} ${STEAM_AUTH} $( [[ \"${WINDOWS_INSTALL}\" == \"1\" ]] && printf %s '+@sSteamCmdForcePlatformType windows' ) +app_update ${SRCDS_APPID} $( [[ -z ${SRCDS_BETAID} ]] || printf %s \"-beta ${SRCDS_BETAID}\" ) $( [[ -z ${SRCDS_BETAPASS} ]] || printf %s \"-betapassword ${SRCDS_BETAPASS}\" ) ${INSTALL_FLAGS} validate +quit ## other flags may be needed depending on install. looking at you cs 1.6\r\n\r\n## set up 32 bit libraries\r\nmkdir -p \/mnt\/server\/.steam\/sdk32\r\ncp -v linux32\/steamclient.so ..\/.steam\/sdk32\/steamclient.so\r\n\r\n## set up 64 bit libraries\r\nmkdir -p \/mnt\/server\/.steam\/sdk64\r\ncp -v linux64\/steamclient.so ..\/.steam\/sdk64\/steamclient.so\r\n\r\n## download the default server settings file\r\nmkdir -p \/mnt\/server\/AbioticFactor\/Saved\/SaveGames\/Server\/Worlds\/Cascade\r\ncurl -sS -o \/mnt\/server\/AbioticFactor\/Saved\/SaveGames\/Server\/Worlds\/Cascade\/SandboxSettings.ini https:\/\/raw.githubusercontent.com\/pelican-eggs\/steamcmd\/main\/abiotic_factor\/SandboxSettings.ini\r\n\r\n## install end\r\necho \"-----------------------------------------\"\r\necho \"Installation completed...\"\r\necho \"-----------------------------------------\"",
            "container": "ghcr.io\/parkervcp\/installers:debian",
            "entrypoint": "bash"
        }
    },
    "variables": [
        {
            "sort": 1,
            "name": "[STEAM] SRCDS_APPID",
            "description": "Steam App ID",
            "env_variable": "SRCDS_APPID",
            "default_value": "2857200",
            "user_viewable": false,
            "user_editable": false,
            "rules": [
                "required",
                "numeric",
                "in:2857200"
            ]
        },
        {
            "sort": 2,
            "name": "[STEAM] Auto Update",
            "description": "Should Auto Update",
            "env_variable": "AUTO_UPDATE",
            "default_value": "1",
            "user_viewable": true,
            "user_editable": true,
            "rules": [
                "required",
                "boolean"
            ]
        },
        {
            "sort": 3,
            "name": "[SERVER] Server Name",
            "description": "Name of the server",
            "env_variable": "SERVER_NAME",
            "default_value": "A Pelican Hosted Server",
            "user_viewable": true,
            "user_editable": true,
            "rules": [
                "required",
                "string",
                "max:64"
            ]
        },
        {
            "sort": 4,
            "name": "[STEAM] WINDOWS_INSTALL",
            "description": "",
            "env_variable": "WINDOWS_INSTALL",
            "default_value": "1",
            "user_viewable": false,
            "user_editable": false,
            "rules": [
                "required",
                "boolean",
                "in:1"
            ]
        },
        {
            "sort": 5,
            "name": "[SERVER] Server Password",
            "description": "Server access password",
            "env_variable": "SERVER_PASSWORD",
            "default_value": "",
            "user_viewable": true,
            "user_editable": true,
            "rules": [
                "required",
                "string",
                "max:30"
            ]
        },
        {
            "sort": 6,
            "name": "[SERVER] Query Port",
            "description": "Steam query port",
            "env_variable": "QUERY_PORT",
            "default_value": "27015",
            "user_viewable": true,
            "user_editable": false,
            "rules": [
                "required",
                "numeric"
            ]
        },
        {
            "sort": 7,
            "name": "[SERVER] Number of Players",
            "description": "Number of allowed player connections",
            "env_variable": "NUM_PLAYERS",
            "default_value": "6",
            "user_viewable": true,
            "user_editable": true,
            "rules": [
                "required",
                "numeric",
                "between:1,32"
            ]
        }
    ]
}