{
    "_comment": "DO NOT EDIT: FILE GENERATED AUTOMATICALLY BY PANEL",
    "meta": {
        "update_url": null,
        "version": "PTDL_v2"
    },
    "exported_at": "2024-06-02T14:43:53+00:00",
    "name": "rust generic",
    "author": "ethan@ethancoward.dev",
    "description": "Creates a container that runs rust with cargo.",
    "features": null,
    "docker_images": {
        "ghcr.io/parkervcp/yolks:rust_1.31": "ghcr.io/parkervcp/yolks:rust_1.31",
        "ghcr.io/parkervcp/yolks:rust_1.56": "ghcr.io/parkervcp/yolks:rust_1.56",
        "ghcr.io/parkervcp/yolks:rust_1.60": "ghcr.io/parkervcp/yolks:rust_1.60",
        "ghcr.io/parkervcp/yolks:rust_latest": "ghcr.io/parkervcp/yolks:rust_latest"
    },
    "file_denylist": [],
    "startup": "if [[ -d .git ]] \u0026\u0026 [[ {{AUTO_UPDATE}} == \"1\" ]]; then git pull; fi; cargo run --release",
    "config": {
        "files": "{}",
        "logs": "{}",
        "startup": "{\r\n    \"done\": [\r\n        \"change this part\"\r\n    ]\r\n}",
        "stop": "^C"
    },
    "scripts": {
        "installation": {
            "container": "ghcr.io/parkervcp/installers:debian",
            "entrypoint": "bash",
            "script": "#!/bin/bash\r\n# Rust Bot Installation Script\r\n#\r\n# Server Files: /mnt/server\r\napt update\r\napt install -y git\r\n\r\nmkdir -p /mnt/server\r\ncd /mnt/server\r\n\r\n## add git ending if it's not on the address\r\nif [[ ${GIT_ADDRESS} != *.git ]]; then\r\n    GIT_ADDRESS=${GIT_ADDRESS}.git\r\nfi\r\n\r\nif [ -z \"${USERNAME}\" ] \u0026\u0026 [ -z \"${ACCESS_TOKEN}\" ]; then\r\n    echo -e \"using anon api call\"\r\nelse\r\n    GIT_ADDRESS=\"https://${USERNAME}:${ACCESS_TOKEN}@$(echo -e ${GIT_ADDRESS} | cut -d/ -f3-)\"\r\nfi\r\n\r\n## pull git js bot repo\r\nif [ \"$(ls -A /mnt/server)\" ]; then\r\n    echo -e \"/mnt/server directory is not empty.\"\r\n    if [ -d .git ]; then\r\n        echo -e \".git directory exists\"\r\n        if [ -f .git/config ]; then\r\n            echo -e \"loading info from git config\"\r\n            ORIGIN=$(git config --get remote.origin.url)\r\n        else\r\n            echo -e \"files found with no git config\"\r\n            echo -e \"closing out without touching things to not break anything\"\r\n            exit 10\r\n        fi\r\n    fi\r\n\r\n    if [ \"${ORIGIN}\" == \"${GIT_ADDRESS}\" ]; then\r\n        echo \"pulling latest from github\"\r\n        git pull\r\n    fi\r\nelse\r\n    echo -e \"/mnt/server is empty.\\ncloning files into repo\"\r\n    if [ -z ${BRANCH} ]; then\r\n        echo -e \"cloning default branch\"\r\n        git clone ${GIT_ADDRESS} .\r\n    else\r\n        echo -e \"cloning ${BRANCH}'\"\r\n        git clone --single-branch --branch ${BRANCH} ${GIT_ADDRESS} .\r\n    fi\r\n\r\nfi\r\n\r\nexport HOME=/mnt/server\r\n\r\necho -e \"install complete\"\r\nexit 0"
        }
    },
    "variables": [
        {
            "name": "Git Repo Address",
            "description": "Git repo to clone\r\n\r\nI.E. https://github.com/parkervcp/repo_name",
            "env_variable": "GIT_ADDRESS",
            "default_value": "",
            "user_viewable": true,
            "user_editable": true,
            "rules": "nullable|string",
            "field_type": "text"
        },
        {
            "name": "Git Branch",
            "description": "What branch to pull from github.\r\n\r\nDefault is blank to pull the repo default branch",
            "env_variable": "BRANCH",
            "default_value": "",
            "user_viewable": true,
            "user_editable": true,
            "rules": "nullable|string",
            "field_type": "text"
        },
        {
            "name": "Auto Update",
            "description": "Pull the latest files on startup when using a GitHub repo.",
            "env_variable": "AUTO_UPDATE",
            "default_value": "0",
            "user_viewable": true,
            "user_editable": true,
            "rules": "required|boolean",
            "field_type": "text"
        },
        {
            "name": "Git Username",
            "description": "Username to auth with git.",
            "env_variable": "USERNAME",
            "default_value": "",
            "user_viewable": true,
            "user_editable": true,
            "rules": "nullable|string",
            "field_type": "text"
        },
        {
            "name": "Git Access Token",
            "description": "Password to use with git.\r\n\r\nIt's best practice to use a Personal Access Token.\r\nhttps://github.com/settings/tokens\r\nhttps://gitlab.com/-/profile/personal_access_tokens",
            "env_variable": "ACCESS_TOKEN",
            "default_value": "",
            "user_viewable": true,
            "user_editable": true,
            "rules": "nullable|string",
            "field_type": "text"
        }
    ]
}