{
    "_comment": "DO NOT EDIT: FILE GENERATED AUTOMATICALLY BY PANEL",
    "meta": {
        "version": "PTDL_v2",
        "update_url": null
    },
    "exported_at": "2024-06-01T19:39:46+00:00",
    "name": "GoMint",
    "author": "parker@parkervcp.com",
    "uuid": "6ef2bba9-b43b-47a5-9ee6-0a811ce6e3ba",
    "description": "A performant and stable Minecraft server software for the Bedrock Edition that comes with a modern API and support for Java 11 LTS.",
    "features": [
        "eula",
        "java_version",
        "pid_limit"
    ],
    "docker_images": {
        "ghcr.io\/parkervcp\/yolks:java_8": "ghcr.io\/parkervcp\/yolks:java_8",
        "ghcr.io\/parkervcp\/yolks:java_11": "ghcr.io\/parkervcp\/yolks:java_11",
        "ghcr.io\/parkervcp\/yolks:java_16": "ghcr.io\/parkervcp\/yolks:java_16",
        "ghcr.io\/parkervcp\/yolks:java_17": "ghcr.io\/parkervcp\/yolks:java_17"
    },
    "file_denylist": [],
    "startup": "java --add-opens java.base\/java.nio=io.netty.common --add-exports java.base\/jdk.internal.misc=io.netty.common -p modules -m gomint.server\/io.gomint.server.Bootstrap",
    "config": {
        "files": "{\r\n    \"server.yml\": {\r\n        \"parser\": \"yml\",\r\n        \"find\": {\r\n            \"listener.port\": \"{{server.build.default.port}}\"\r\n        }\r\n    }\r\n}",
        "startup": "{\r\n    \"done\": \"Done in \"\r\n}",
        "logs": "{}",
        "stop": "stop"
    },
    "scripts": {
        "installation": {
            "script": "#! \/bin\/bash\r\n\r\nGITHUB_PACKAGE=gomint\/gomint\r\n\r\napt update\r\napt install -y curl jq file unzip\r\n\r\nif [ ! -d \/mnt\/server\/ ]; then\r\n    mkdir -p \/mnt\/server\/\r\nfi\r\n\r\ncd \/mnt\/server\/\r\n\r\nif [ -z \"${GITHUB_USER}\" ] && [ -z \"${GITHUB_OAUTH_TOKEN}\" ] ; then\r\n    echo -e \"using anon api call\"\r\nelse\r\n    echo -e \"user and oauth token set\"\r\n    alias curl='curl -u ${GITHUB_USER}:${GITHUB_OAUTH_TOKEN} '\r\nfi\r\n\r\n# retrieve latest tag to be used as version match, because gomint doesn't use normal releases\r\nLATEST_VERSION=$(curl -sL https:\/\/api.github.com\/repos\/gomint\/gomint\/tags | jq -r '.[-1].name')\r\n\r\nDOWNLOAD_URL=https:\/\/github.com\/gomint\/gomint\/releases\/download\/${LATEST_VERSION}\/${LATEST_VERSION}.zip\r\n\r\nif [ ! -z \"${DOWNLOAD_URL}\" ]; then \r\n    if curl --output \/dev\/null --silent --head --fail ${DOWNLOAD_URL}; then\r\n        echo -e \"download link is valid. setting download link to ${DOWNLOAD_URL}\"\r\n        VALIDATED_URL=${DOWNLOAD_URL}\r\n    else        \r\n        echo -e \"download link is invalid, something went wrong. Closing out\"\r\n        exit 2\r\n    fi\r\nfi\r\n\r\ncurl -sSL -o ${VALIDATED_URL##*\/} ${VALIDATED_URL}\r\n\r\nFILETYPE=$(file -F ',' ${VALIDATED_URL##*\/} | cut -d',' -f2 | cut -d' ' -f2)\r\nif [ \"$FILETYPE\" == \"gzip\" ]; then\r\n    tar xzvf ${VALIDATED_URL##*\/}\r\nelif [ \"$FILETYPE\" == \"Zip\" ]; then\r\n    unzip ${VALIDATED_URL##*\/} -d modules\/\r\nelif [ \"$FILETYPE\" == \"XZ\" ]; then\r\n    tar xvf ${VALIDATED_URL##*\/}\r\nelse\r\n    echo -e \"unknown filetype. Exiting\"\r\n    # exit 2 \r\nfi\r\n\r\n# Move files into correct folders and remove unnecessary stuff\r\nrm ${VALIDATED_URL##*\/}\r\nmv modules\/modules\/* modules\r\nrm -rf modules\/modules\r\nrm modules\/start.*\r\n\r\n# Fetch server config\r\nif [ ! -f server.yml ]; then\r\n    curl -sSL -o server.yml https:\/\/raw.githubusercontent.com\/parkervcp\/eggs\/master\/game_eggs\/minecraft\/bedrock\/gomint\/server.yml\r\nfi\r\n\r\n## install end\r\necho \"-----------------------------------------\"\r\necho \"Installation completed...\"\r\necho \"-----------------------------------------\"",
            "container": "ghcr.io\/parkervcp\/installers:debian",
            "entrypoint": "bash"
        }
    },
    "variables": []
}