{
    "_comment": "DO NOT EDIT: FILE GENERATED AUTOMATICALLY BY PANEL",
    "meta": {
        "update_url": null,
        "version": "PTDL_v2"
    },
    "exported_at": "2024-06-01T00:03:42+00:00",
    "name": "Avorion",
    "author": "iamkubi@gmail.com",
    "description": "A procedural co-op space sandbox where players can build their own space ships out of dynamically scalable blocks. Fight epic space battles, explore, mine, trade, wage wars and build your own empire to save your galaxy from being torn apart by an unknown enemy.",
    "features": [
        "steam_disk_space"
    ],
    "docker_images": {
        "ghcr.io/parkervcp/steamcmd:debian": "ghcr.io/parkervcp/steamcmd:debian"
    },
    "file_denylist": [],
    "startup": "./bin/AvorionServer --galaxy-name {{GALAXY_NAME}} --admin {{ADMIN_ID}} --datapath galaxy --port {{SERVER_PORT}} --query-port {{QUERY_PORT}} --steam-master-port {{STEAM_MASTER_PORT}} --steam-query-port {{STEAM_QUERY_PORT}} --max-players {{MAX_PLAYERS}} --difficulty {{DIFFICULTY}} --collision-damage {{COLLISION_DMG}} --save-interval {{SAVE_INTERVAL}} --same-start-sector {{SAME_START_SECTOR}} --server-name \"{{SERVER_NAME}}\" --threads {{GAME_THREADS}} --listed {{SERVER_LISTED}}",
    "config": {
        "files": "{}",
        "logs": "{}",
        "startup": "{\r\n    \"done\": \"Server startup complete\"\r\n}",
        "stop": "/stop"
    },
    "scripts": {
        "installation": {
            "container": "ghcr.io/parkervcp/installers:debian",
            "entrypoint": "bash",
            "script": "#!/bin/bash\r\n# Avorion Installation Script\r\n#\r\n# Server Files: /mnt/server\r\n\r\n\r\n## just in case someone removed the defaults.\r\nif [[ \"${STEAM_USER}\" == \"\" ]] || [[ \"${STEAM_PASS}\" == \"\" ]]; then\r\n    echo -e \"steam user is not set.\\n\"\r\n    echo -e \"Using anonymous user.\\n\"\r\n    STEAM_USER=anonymous\r\n    STEAM_PASS=\"\"\r\n    STEAM_AUTH=\"\"\r\nelse\r\n    echo -e \"user set to ${STEAM_USER}\"\r\nfi\r\n\r\n## download and install steamcmd\r\ncd /tmp\r\nmkdir -p /mnt/server/steamcmd\r\ncurl -sSL -o steamcmd.tar.gz https://steamcdn-a.akamaihd.net/client/installer/steamcmd_linux.tar.gz\r\ntar -xzvf steamcmd.tar.gz -C /mnt/server/steamcmd\r\nmkdir -p /mnt/server/steamapps # Fix steamcmd disk write error when this folder is missing\r\ncd /mnt/server/steamcmd\r\n\r\n# SteamCMD fails otherwise for some reason, even running as root.\r\n# This is changed at the end of the install process anyways.\r\nchown -R root:root /mnt\r\nexport HOME=/mnt/server\r\n\r\n## install game using steamcmd\r\n./steamcmd.sh +force_install_dir /mnt/server +login ${STEAM_USER} ${STEAM_PASS} ${STEAM_AUTH} $( [[ \"${WINDOWS_INSTALL}\" == \"1\" ]] \u0026\u0026 printf %s '+@sSteamCmdForcePlatformType windows' ) +app_update ${SRCDS_APPID} $( [[ -z ${SRCDS_BETAID} ]] || printf %s \"-beta ${SRCDS_BETAID}\" ) $( [[ -z ${SRCDS_BETAPASS} ]] || printf %s \"-betapassword ${SRCDS_BETAPASS}\" ) ${INSTALL_FLAGS} validate +quit\r\n\r\n## set up 32 bit libraries\r\nmkdir -p /mnt/server/.steam/sdk32\r\ncp -v linux32/steamclient.so ../.steam/sdk32/steamclient.so\r\n\r\n## set up 64 bit libraries\r\nmkdir -p /mnt/server/.steam/sdk64\r\ncp -v linux64/steamclient.so ../.steam/sdk64/steamclient.so\r\n\r\n\r\nmkdir -p /mnt/server/backups\r\nmkdir -p /mnt/server/galaxy/${GALAXY_NAME}\r\ncurl https://raw.githubusercontent.com/parkervcp/eggs/master/game_eggs/steamcmd_servers/avorion/server.ini --output /mnt/server/galaxy/${GALAXY_NAME}/server.ini\r\n\r\n## install end\r\necho \"-----------------------------------------\"\r\necho \"Installation completed...\"\r\necho \"-----------------------------------------\""
        }
    },
    "variables": [
        {
            "name": "Galaxy Name",
            "description": "Name of the Galaxy to create",
            "env_variable": "GALAXY_NAME",
            "default_value": "Avorion",
            "user_viewable": true,
            "user_editable": true,
            "rules": "required|string|max:32",
            "field_type": "text"
        },
        {
            "name": "Server Name",
            "description": "The name of the server, shown in the server list.",
            "env_variable": "SERVER_NAME",
            "default_value": "Avorion Server",
            "user_viewable": true,
            "user_editable": true,
            "rules": "required|string|max:64",
            "field_type": "text"
        },
        {
            "name": "Admin ID",
            "description": "Steam64 ID for the player to make Server Admin",
            "env_variable": "ADMIN_ID",
            "default_value": "",
            "user_viewable": true,
            "user_editable": true,
            "rules": "required|string|max:20",
            "field_type": "text"
        },
        {
            "name": "Max Players",
            "description": "Maximum number of players allowed",
            "env_variable": "MAX_PLAYERS",
            "default_value": "10",
            "user_viewable": true,
            "user_editable": false,
            "rules": "required|int|max:64",
            "field_type": "text"
        },
        {
            "name": "Game Difficulty",
            "description": "Difficulty of the server, allowed values are: -3, -2, -1, 0, 1, 2, 3 Default: 0",
            "env_variable": "DIFFICULTY",
            "default_value": "0",
            "user_viewable": true,
            "user_editable": true,
            "rules": "required|integer|in:0,1,2,3,-1,-2,-3",
            "field_type": "text"
        },
        {
            "name": "Collision Damage",
            "description": "A multiplier for damage to colliding objects. Accepts floating-point numbers, e.g. 0.5 is 50% collision damage. 0: no damage, 1: full damage. default: 1",
            "env_variable": "COLLISION_DMG",
            "default_value": "1",
            "user_viewable": true,
            "user_editable": true,
            "rules": "required|string|max:20",
            "field_type": "text"
        },
        {
            "name": "Save Interval",
            "description": "Time between automatic saves in seconds.  Defaults to 300 (5 minutes).",
            "env_variable": "SAVE_INTERVAL",
            "default_value": "300",
            "user_viewable": true,
            "user_editable": true,
            "rules": "required|int",
            "field_type": "text"
        },
        {
            "name": "Same Start Sector",
            "description": "Indicates if all players should start in the same sector. If false, a random empty sector on the outer rim is populated and used as the home sector for each new player.",
            "env_variable": "SAME_START_SECTOR",
            "default_value": "true",
            "user_viewable": true,
            "user_editable": true,
            "rules": "required|string|in:true,false",
            "field_type": "text"
        },
        {
            "name": "Threads",
            "description": "Number of concurrent threads that are used to update sectors. (Identical to the 'Threads' setting ingame.)",
            "env_variable": "GAME_THREADS",
            "default_value": "1",
            "user_viewable": true,
            "user_editable": true,
            "rules": "required|integer|max:20",
            "field_type": "text"
        },
        {
            "name": "List Publicly",
            "description": "Privacy setting. If enabled together with useSteam, the server will show up in public server lists. (Same as the ingame setting 'List Publicly')",
            "env_variable": "SERVER_LISTED",
            "default_value": "true",
            "user_viewable": true,
            "user_editable": true,
            "rules": "required|string|in:true,false",
            "field_type": "text"
        },
        {
            "name": "Steam App ID",
            "description": "",
            "env_variable": "SRCDS_APPID",
            "default_value": "565060",
            "user_viewable": false,
            "user_editable": false,
            "rules": "required|string|in:565060",
            "field_type": "text"
        },
        {
            "name": "LD Library Path",
            "description": "",
            "env_variable": "LD_LIBRARY_PATH",
            "default_value": "./linux64",
            "user_viewable": false,
            "user_editable": false,
            "rules": "required|string|max:20",
            "field_type": "text"
        },
        {
            "name": "Steam Master Port",
            "description": "",
            "env_variable": "STEAM_MASTER_PORT",
            "default_value": "27021",
            "user_viewable": true,
            "user_editable": false,
            "rules": "required|string|max:20",
            "field_type": "text"
        },
        {
            "name": "Steam Query Port",
            "description": "",
            "env_variable": "STEAM_QUERY_PORT",
            "default_value": "27020",
            "user_viewable": true,
            "user_editable": false,
            "rules": "required|string|max:20",
            "field_type": "text"
        },
        {
            "name": "Query Port",
            "description": "",
            "env_variable": "QUERY_PORT",
            "default_value": "27003",
            "user_viewable": true,
            "user_editable": false,
            "rules": "required|string|max:20",
            "field_type": "text"
        },
        {
            "name": "Auto Update",
            "description": "1 = on; 0 = off",
            "env_variable": "AUTO_UPDATE",
            "default_value": "1",
            "user_viewable": true,
            "user_editable": true,
            "rules": "required|boolean",
            "field_type": "text"
        },
        {
            "name": "Beta branch",
            "description": "Leave empty for the public branch, beta for the beta branch.",
            "env_variable": "SRCDS_BETAID",
            "default_value": "",
            "user_viewable": true,
            "user_editable": true,
            "rules": "nullable|string|in:,beta",
            "field_type": "text"
        }
    ]
}