{
    "_comment": "DO NOT EDIT: FILE GENERATED AUTOMATICALLY BY PTERODACTYL PANEL - PTERODACTYL.IO",
    "meta": {
        "version": "PTDL_v2",
        "update_url": null
    },
    "exported_at": "2024-04-12T14:04:24+02:00",
    "name": "Astro Colony",
    "author": "limmek@swedon.se",
    "description": "Explore endless Universe and create the most efficient constellation of colonies. Build conveyor systems to automate production. Take care of Astronauts and their needs! Establish new colonies as part of intergalactic simulation.",
    "features": null,
    "docker_images": {
        "ghcr.io\/parkervcp\/steamcmd:debian": "ghcr.io\/parkervcp\/steamcmd:debian"
    },
    "file_denylist": [],
    "startup": ".\/AstroColony\/Binaries\/Linux\/AstroColonyServer -log -QueryPort={{SERVER_QUERY_PORT}} -SteamServerName=\\\"{{SERVER_NAME}}\\\"",
    "config": {
        "files": "{\r\n    \"AstroColony\/Saved\/Config\/LinuxServer\/ServerSettings.ini\": {\r\n        \"parser\": \"ini\",\r\n        \"find\": {\r\n            \"[\/Script\/AstroColony.EHServerSubsystem].ServerPassword\": \"{{env.SERVER_PASSWORD}}\",\r\n            \"[\/Script\/AstroColony.EHServerSubsystem].Seed\": \"{{env.SERVER_MAPSEED}}\",\r\n            \"[\/Script\/AstroColony.EHServerSubsystem].MapName\": \"{{env.SERVER_MAPNAME}}\",\r\n            \"[\/Script\/AstroColony.EHServerSubsystem].MaxPlayers\": \"{{env.SERVER_MAXPLAYERS}}\",\r\n            \"[\/Script\/AstroColony.EHServerSubsystem].ShouldLoadLatestSavegame\": \"{{env.SERVER_LOADLATESTSAVEGAME}}\",\r\n            \"[\/Script\/AstroColony.EHServerSubsystem].AdminList\": \"{{env.SERVER_ADMINS}}\",\r\n            \"[\/Script\/AstroColony.EHServerSubsystem].SharedTechnologies\": \"{{env.SERVER_SHAREDTECHNOLOGIES}}\",\r\n            \"[\/Script\/AstroColony.EHServerSubsystem].OxygenConsumption\": \"{{env.SERVER_OXYGENCONSUMPTION}}\",\r\n            \"[\/Script\/AstroColony.EHServerSubsystem].FreeConstruction\": \"{{env.SERVER_FREECONSTRUCTION}}\",\r\n            \"[\/Script\/AstroColony.EHServerSubsystem].AutosaveInterval\": \"{{env.SERVER_AUTOSAVEINTERVAL}}\",\r\n            \"[\/Script\/AstroColony.EHServerSubsystem].AutosavesCount\": \"{{env.SERVER_AUTOSAVESCOUNT}}\"\r\n        }\r\n    }\r\n}",
        "startup": "{\r\n    \"done\": \"server create success\"\r\n}",
        "logs": "{}",
        "stop": "^C"
    },
    "scripts": {
        "installation": {
            "script": "#!\/bin\/bash\r\n# steamcmd Base Installation Script\r\n#\r\n# Server Files: \/mnt\/server\r\n# Image to install with is 'ghcr.io\/parkervcp\/installers:debian'\r\n\r\n##\r\n#\r\n# Variables\r\n# STEAM_USER, STEAM_PASS, STEAM_AUTH - Steam user setup. If a user has 2fa enabled it will most likely fail due to timeout. Leave blank for anon install.\r\n# WINDOWS_INSTALL - if it's a windows server you want to install set to 1\r\n# SRCDS_APPID - steam app id found here - https:\/\/developer.valvesoftware.com\/wiki\/Dedicated_Servers_List\r\n# SRCDS_BETAID - beta branch of a steam app. Leave blank to install normal branch\r\n# SRCDS_BETAPASS - password for a beta branch should one be required during private or closed testing phases.. Leave blank for no password.\r\n# INSTALL_FLAGS - Any additional SteamCMD  flags to pass during install.. Keep in mind that steamcmd auto update process in the docker image might overwrite or ignore these when it performs update on server boot.\r\n# AUTO_UPDATE - Adding this variable to the egg allows disabling or enabling automated updates on boot. Boolean value. 0 to disable and 1 to enable.\r\n#\r\n ##\r\n\r\n# Install packages. Default packages below are not required if using our existing install image thus speeding up the install process.\r\n#apt -y update\r\n#apt -y --no-install-recommends install curl lib32gcc-s1 ca-certificates tar unzip lib32gcc-s1 wget\r\n\r\n## just in case someone removed the defaults.\r\nif [[ \"${STEAM_USER}\" == \"\" ]] || [[ \"${STEAM_PASS}\" == \"\" ]]; then\r\n    echo -e \"steam user is not set.\\n\"\r\n    echo -e \"Using anonymous user.\\n\"\r\n    STEAM_USER=anonymous\r\n    STEAM_PASS=\"\"\r\n    STEAM_AUTH=\"\"\r\nelse\r\n    echo -e \"user set to ${STEAM_USER}\"\r\nfi\r\n\r\n## download and install steamcmd\r\ncd \/tmp\r\nmkdir -p \/mnt\/server\/steamcmd\r\ncurl -sSL -o steamcmd.tar.gz https:\/\/steamcdn-a.akamaihd.net\/client\/installer\/steamcmd_linux.tar.gz\r\ntar -xzvf steamcmd.tar.gz -C \/mnt\/server\/steamcmd\r\nmkdir -p \/mnt\/server\/steamapps # Fix steamcmd disk write error when this folder is missing\r\ncd \/mnt\/server\/steamcmd\r\n\r\n# SteamCMD fails otherwise for some reason, even running as root.\r\n# This is changed at the end of the install process anyways.\r\nchown -R root:root \/mnt\r\nexport HOME=\/mnt\/server\r\n\r\n## install game using steamcmd\r\n.\/steamcmd.sh +force_install_dir \/mnt\/server +login ${STEAM_USER} ${STEAM_PASS} ${STEAM_AUTH} $( [[ \"${WINDOWS_INSTALL}\" == \"1\" ]] && printf %s '+@sSteamCmdForcePlatformType windows' ) +app_update ${SRCDS_APPID} $( [[ -z ${SRCDS_BETAID} ]] || printf %s \"-beta ${SRCDS_BETAID}\" ) $( [[ -z ${SRCDS_BETAPASS} ]] || printf %s \"-betapassword ${SRCDS_BETAPASS}\" ) ${INSTALL_FLAGS} validate +quit ## other flags may be needed depending on install. looking at you cs 1.6\r\n\r\n## set up 32 bit libraries\r\nmkdir -p \/mnt\/server\/.steam\/sdk32\r\ncp -v linux32\/steamclient.so ..\/.steam\/sdk32\/steamclient.so\r\n\r\n## set up 64 bit libraries\r\nmkdir -p \/mnt\/server\/.steam\/sdk64\r\ncp -v linux64\/steamclient.so ..\/.steam\/sdk64\/steamclient.so\r\n\r\n# set up settings\r\ncreate_server_settings_ini() {\r\n    cat > ServerSettings.ini <<EOF\r\n[\/Script\/AstroColony.EHServerSubsystem]\r\nServerPassword=${SERVER_PASSWORD}\r\nSeed=${SERVER_MAPSEED}\r\nMapName=${SERVER_MAPNAME}\r\nMaxPlayers=${SERVER_MAXPLAYERS}\r\nShouldLoadLatestSavegame=${SERVER_LOADLATESTSAVEGAME}\r\nAdminList=${SERVER_ADMINS} \r\nSharedTechnologies=${SERVER_SHAREDTECHNOLOGIES}\r\nOxygenConsumption=${SERVER_OXYGENCONSUMPTION}\r\nFreeConstruction=${SERVER_FREECONSTRUCTION}\r\nAutosaveInterval=${SERVER_AUTOSAVEINTERVAL}\r\nAutosavesCount=${SERVER_AUTOSAVESCOUNT}\r\nEOF\r\n}\r\n\r\nFILE=\/mnt\/server\/AstroColony\/Saved\/Config\/LinuxServer\/ServerSettings.ini\r\nif [ -f \"$FILE\" ]; then\r\n    echo \"Config already exists, skipping\"\r\nelse \r\n    echo \"Config does not yet exist, making one\"\r\n    mkdir -p \/mnt\/server\/AstroColony\/Saved\/Config\/LinuxServer\/\r\n    cd \/mnt\/server\/AstroColony\/Saved\/Config\/LinuxServer\/\r\n    create_server_settings_ini\r\nfi\r\n\r\n## install end\r\necho \"-----------------------------------------\"\r\necho \"Installation completed...\"\r\necho \"-----------------------------------------\"",
            "container": "ghcr.io\/parkervcp\/installers:debian",
            "entrypoint": "bash"
        }
    },
    "variables": [
        {
            "name": "[Advanced] Steam App ID",
            "description": "Steam App ID used for installation and updates. Rarely needs to be changed.",
            "env_variable": "SRCDS_APPID",
            "default_value": "2934900",
            "user_viewable": false,
            "user_editable": false,
            "rules": "required|string|in:2934900",
            "field_type": "text"
        },
        {
            "name": "Server Query Port",
            "description": "UDP port for Steam server list features.",
            "env_variable": "SERVER_QUERY_PORT",
            "default_value": "27015",
            "user_viewable": true,
            "user_editable": false,
            "rules": "required|integer",
            "field_type": "text"
        },
        {
            "name": "Server Name",
            "description": "Change the server name.",
            "env_variable": "SERVER_NAME",
            "default_value": "Astro Colony Dedicated Server",
            "user_viewable": true,
            "user_editable": true,
            "rules": "required|string|max:30",
            "field_type": "text"
        },
        {
            "name": "Server Password",
            "description": "Set the game password. Leave empty to make server public.",
            "env_variable": "SERVER_PASSWORD",
            "default_value": "",
            "user_viewable": true,
            "user_editable": true,
            "rules": "nullable|string|max:20",
            "field_type": "text"
        },
        {
            "name": "Max Players",
            "description": "Amount of max allowed players.",
            "env_variable": "SERVER_MAXPLAYERS",
            "default_value": "5",
            "user_viewable": true,
            "user_editable": true,
            "rules": "required|between:1,10",
            "field_type": "text"
        },
        {
            "name": "Map Seed",
            "description": "Set the map seed.",
            "env_variable": "SERVER_MAPSEED",
            "default_value": "7300",
            "user_viewable": true,
            "user_editable": true,
            "rules": "required|integer|digits_between:1,10",
            "field_type": "text"
        },
        {
            "name": "Map Name",
            "description": "Map name displayed in serverlist",
            "env_variable": "SERVER_MAPNAME",
            "default_value": "YourMapName",
            "user_viewable": true,
            "user_editable": true,
            "rules": "required|string|max:30",
            "field_type": "text"
        },
        {
            "name": "Autosave Interval",
            "description": "Minutes between auto save (5.0 = 5 minutes)",
            "env_variable": "SERVER_AUTOSAVEINTERVAL",
            "default_value": "5.0",
            "user_viewable": true,
            "user_editable": true,
            "rules": "required|numeric",
            "field_type": "text"
        },
        {
            "name": "Autosaves Count",
            "description": "How many auto save files to keep.",
            "env_variable": "SERVER_AUTOSAVESCOUNT",
            "default_value": "10",
            "user_viewable": true,
            "user_editable": true,
            "rules": "required|string|max:20",
            "field_type": "text"
        },
        {
            "name": "Admin List",
            "description": "List of server administrators only (steamID64s) allowed, separatet by comma.",
            "env_variable": "SERVER_ADMINS",
            "default_value": "",
            "user_viewable": true,
            "user_editable": true,
            "rules": "nullable|string",
            "field_type": "text"
        },
        {
            "name": "Should Load Latest Savegame",
            "description": "",
            "env_variable": "SERVER_LOADLATESTSAVEGAME",
            "default_value": "1",
            "user_viewable": true,
            "user_editable": true,
            "rules": "required|boolean",
            "field_type": "text"
        },
        {
            "name": "Shared Technologies",
            "description": "",
            "env_variable": "SERVER_SHAREDTECHNOLOGIES",
            "default_value": "1",
            "user_viewable": true,
            "user_editable": true,
            "rules": "required|boolean",
            "field_type": "text"
        },
        {
            "name": "Oxygen Consumption",
            "description": "",
            "env_variable": "SERVER_OXYGENCONSUMPTION",
            "default_value": "1",
            "user_viewable": true,
            "user_editable": true,
            "rules": "required|boolean",
            "field_type": "text"
        },
        {
            "name": "Free Construction",
            "description": "",
            "env_variable": "SERVER_FREECONSTRUCTION",
            "default_value": "0",
            "user_viewable": true,
            "user_editable": true,
            "rules": "required|boolean",
            "field_type": "text"
        },
        {
            "name": "Auto Update",
            "description": "Disabling or enabling automated updates on boot",
            "env_variable": "AUTO_UPDATE",
            "default_value": "1",
            "user_viewable": true,
            "user_editable": true,
            "rules": "required|boolean",
            "field_type": "text"
        }
    ]
}