{
    "_comment": "DO NOT EDIT: FILE GENERATED AUTOMATICALLY BY PANEL",
    "meta": {
        "version": "PTDL_v2",
        "update_url": null
    },
    "exported_at": "2024-06-02T14:43:56+00:00",
    "name": "Generic C#",
    "author": "josdekurk@gmail.com",
    "uuid": "8f85d773-3664-4194-acd1-ae55b0f54fe8",
    "description": "A generic C# (dotnet) egg that runs your C# project.",
    "features": null,
    "docker_images": {
        "Dotnet_8": "ghcr.io\/parkervcp\/yolks:dotnet_8",
        "Dotnet_7": "ghcr.io\/parkervcp\/yolks:dotnet_7",
        "Dotnet_6": "ghcr.io\/parkervcp\/yolks:dotnet_6",
        "Dotnet_5": "ghcr.io\/parkervcp\/yolks:dotnet_5",
        "Dotnet_3.1": "ghcr.io\/parkervcp\/yolks:dotnet_3.1",
        "Dotnet_2.1": "ghcr.io\/parkervcp\/yolks:dotnet_2.1"
    },
    "file_denylist": [],
    "startup": "if [[ -d .git ]] && [[ {{AUTO_UPDATE}} == \"1\" ]]; then git pull; fi; cd {{PROJECT_DIR}}; dotnet restore; dotnet run --project {{PROJECT_FILE}}",
    "config": {
        "files": "{}",
        "startup": "{\r\n    \"done\": [\r\n        \"change this text 1\",\r\n        \"change this text 2\"\r\n    ]\r\n}",
        "logs": "{}",
        "stop": "^^C"
    },
    "scripts": {
        "installation": {
            "script": "#!\/bin\/bash\r\n\r\napt update\r\napt install -y git curl jq file unzip\r\n\r\nmkdir -p \/mnt\/server\r\ncd \/mnt\/server\r\n\r\nif [ \"${USER_UPLOAD}\" == \"true\" ] || [ \"${USER_UPLOAD}\" == \"1\" ]; then\r\n    echo -e \"assuming user knows what they are doing have a good day.\"\r\n    exit 0\r\nfi\r\n\r\n## add git ending if it's not on the address\r\nif [[ ${GIT_ADDRESS} != *.git ]]; then\r\n    GIT_ADDRESS=${GIT_ADDRESS}.git\r\nfi\r\n\r\nif [ -z \"${USERNAME}\" ] && [ -z \"${ACCESS_TOKEN}\" ]; then\r\n    echo -e \"using anon api call\"\r\nelse\r\n    GIT_ADDRESS=\"https:\/\/${USERNAME}:${ACCESS_TOKEN}@$(echo -e ${GIT_ADDRESS} | cut -d\/ -f3-)\"\r\nfi\r\n\r\n## pull git js bot repo\r\nif [ \"$(ls -A \/mnt\/server)\" ]; then\r\n    echo -e \"\/mnt\/server directory is not empty.\"\r\n    if [ -d .git ]; then\r\n        echo -e \".git directory exists\"\r\n        if [ -f .git\/config ]; then\r\n            echo -e \"loading info from git config\"\r\n            ORIGIN=$(git config --get remote.origin.url)\r\n        else\r\n            echo -e \"files found with no git config\"\r\n            echo -e \"closing out without touching things to not break anything\"\r\n            exit 10\r\n        fi\r\n    fi\r\n\r\n    if [ \"${ORIGIN}\" == \"${GIT_ADDRESS}\" ]; then\r\n        echo \"pulling latest from github\"\r\n        git pull\r\n    fi\r\nelse\r\n    echo -e \"\/mnt\/server is empty.\\ncloning files into repo\"\r\n    if [ -z ${BRANCH} ]; then\r\n        echo -e \"cloning default branch\"\r\n        git clone ${GIT_ADDRESS} .\r\n    else\r\n        echo -e \"cloning ${BRANCH}'\"\r\n        git clone --single-branch --branch ${BRANCH} ${GIT_ADDRESS} .\r\n    fi\r\nfi\r\n\r\n## install end\r\necho \"-----------------------------------------\"\r\necho \"Installation completed...\"\r\necho \"-----------------------------------------\"",
            "container": "ghcr.io\/parkervcp\/installers:debian",
            "entrypoint": "bash"
        }
    },
    "variables": [
        {
            "name": "Git Repo Address",
            "description": "GitHub Repo to clone\r\n\r\nI.E. https:\/\/github.com\/parkervcp\/repo_name",
            "env_variable": "GIT_ADDRESS",
            "default_value": "",
            "user_viewable": true,
            "user_editable": true,
            "rules": "nullable|string",
            "sort": null,
            "field_type": "text"
        },
        {
            "name": "Install Branch",
            "description": "The branch to install.",
            "env_variable": "BRANCH",
            "default_value": "",
            "user_viewable": true,
            "user_editable": true,
            "rules": "nullable|string",
            "sort": null,
            "field_type": "text"
        },
        {
            "name": "User Uploaded Files",
            "description": "Skip all the install stuff if you are letting a user upload files.\r\n\r\n0 = false (default)\r\n1 = true",
            "env_variable": "USER_UPLOAD",
            "default_value": "0",
            "user_viewable": true,
            "user_editable": true,
            "rules": "required|boolean",
            "sort": null,
            "field_type": "text"
        },
        {
            "name": "Auto Update",
            "description": "Pull the latest files on startup when using a GitHub repo.",
            "env_variable": "AUTO_UPDATE",
            "default_value": "0",
            "user_viewable": true,
            "user_editable": true,
            "rules": "required|boolean",
            "sort": null,
            "field_type": "text"
        },
        {
            "name": "Git Username",
            "description": "Username to auth with git.",
            "env_variable": "USERNAME",
            "default_value": "",
            "user_viewable": true,
            "user_editable": true,
            "rules": "nullable|string",
            "sort": null,
            "field_type": "text"
        },
        {
            "name": "Git Access Token",
            "description": "Password to use with git.\r\n\r\nIt's best practice to use a Personal Access Token.\r\nhttps:\/\/github.com\/settings\/tokens\r\nhttps:\/\/gitlab.com\/-\/profile\/personal_access_tokens",
            "env_variable": "ACCESS_TOKEN",
            "default_value": "",
            "user_viewable": true,
            "user_editable": true,
            "rules": "nullable|string",
            "sort": null,
            "field_type": "text"
        },
        {
            "name": "project file",
            "description": "The main project file if multiple are present",
            "env_variable": "PROJECT_FILE",
            "default_value": "",
            "user_viewable": true,
            "user_editable": true,
            "rules": "nullable|string",
            "sort": null,
            "field_type": "text"
        },
        {
            "name": "Project location",
            "description": "The location of where the .csproj file is located. not the .sln file!",
            "env_variable": "PROJECT_DIR",
            "default_value": "\/home\/container",
            "user_viewable": true,
            "user_editable": true,
            "rules": "required|string|",
            "sort": null,
            "field_type": "text"
        }
    ]
}