{
    "_comment": "DO NOT EDIT: FILE GENERATED AUTOMATICALLY BY PANEL",
    "meta": {
        "version": "PTDL_v2",
        "update_url": null
    },
    "exported_at": "2024-06-01T00:05:03+00:00",
    "name": "Valheim",
    "author": "magi1053@outlook.com",
    "uuid": "af693402-1618-49e0-8678-0818aae9b92e",
    "description": "A brutal exploration and survival game for 1-10 players, set in a procedurally-generated purgatory inspired by viking culture.",
    "features": [
        "steam_disk_space"
    ],
    "docker_images": {
        "ghcr.io\/parkervcp\/games:valheim": "ghcr.io\/parkervcp\/games:valheim"
    },
    "file_denylist": [],
    "startup": ".\/valheim_server.x86_64 -nographics -batchmode -name \"{{SERVER_NAME}}\" -port {{SERVER_PORT}} -world \"{{WORLD}}\" -password \"{{PASSWORD}}\" -public {{PUBLIC_SERVER}} -saveinterval {{BACKUP_INTERVAL}} -backups {{BACKUP_COUNT}} -backupshort {{BACKUP_SHORTTIME}} -backuplong {{BACKUP_LONGTIME}} $( [[ {{ENABLE_CROSSPLAY}} -eq 1 ]] && echo \" -crossplay \") > >(sed -uE \"{{CONSOLE_FILTER}}\") & trap \"{{STOP}}\" 15; wait $!",
    "config": {
        "files": "{}",
        "startup": "{\r\n    \"done\": \"DungeonDB Start\"\r\n}",
        "logs": "{}",
        "stop": "^C"
    },
    "scripts": {
        "installation": {
            "script": "#!\/bin\/bash\r\n# steamcmd Base Installation Script\r\n#\r\n# Server Files: \/mnt\/server\r\n# Image to install with is 'ghcr.io\/parkervcp\/installers:debian'\r\n\r\n##\r\n#\r\n# Variables\r\n# STEAM_USER, STEAM_PASS, STEAM_AUTH - Steam user setup. If a user has 2fa enabled it will most likely fail due to timeout. Leave blank for anon install.\r\n# WINDOWS_INSTALL - if it's a windows server you want to install set to 1\r\n# SRCDS_APPID - steam app id found here - https:\/\/developer.valvesoftware.com\/wiki\/Dedicated_Servers_List\r\n# SRCDS_BETAID - beta branch of a steam app. Leave blank to install normal branch\r\n# SRCDS_BETAPASS - password for a beta branch should one be required during private or closed testing phases.. Leave blank for no password.\r\n# INSTALL_FLAGS - Any additional SteamCMD  flags to pass during install.. Keep in mind that steamcmd auto update process in the docker image might overwrite or ignore these when it performs update on server boot.\r\n# AUTO_UPDATE - Adding this variable to the egg allows disabling or enabling automated updates on boot. Boolean value. 0 to disable and 1 to enable.\r\n#\r\n ##\r\n\r\n# Install packages. Default packages below are not required if using our existing install image thus speeding up the install process.\r\napt -y update\r\napt -y --no-install-recommends install curl lib32gcc-s1 ca-certificates\r\n\r\n## just in case someone removed the defaults.\r\nif [[ \"${STEAM_USER}\" == \"\" ]] || [[ \"${STEAM_PASS}\" == \"\" ]]; then\r\n    echo -e \"steam user is not set.\\n\"\r\n    echo -e \"Using anonymous user.\\n\"\r\n    STEAM_USER=anonymous\r\n    STEAM_PASS=\"\"\r\n    STEAM_AUTH=\"\"\r\nelse\r\n    echo -e \"user set to ${STEAM_USER}\"\r\nfi\r\n\r\n## download and install steamcmd\r\ncd \/tmp\r\nmkdir -p \/mnt\/server\/steamcmd\r\ncurl -sSL -o steamcmd.tar.gz https:\/\/steamcdn-a.akamaihd.net\/client\/installer\/steamcmd_linux.tar.gz\r\ntar -xzvf steamcmd.tar.gz -C \/mnt\/server\/steamcmd\r\nmkdir -p \/mnt\/server\/steamapps # Fix steamcmd disk write error when this folder is missing\r\ncd \/mnt\/server\/steamcmd\r\n\r\n# SteamCMD fails otherwise for some reason, even running as root.\r\n# This is changed at the end of the install process anyways.\r\nchown -R root:root \/mnt\r\nexport HOME=\/mnt\/server\r\n\r\n## install game using steamcmd\r\n.\/steamcmd.sh +force_install_dir \/mnt\/server +login ${STEAM_USER} ${STEAM_PASS} ${STEAM_AUTH} $( [[ \"${WINDOWS_INSTALL}\" == \"1\" ]] && printf %s '+@sSteamCmdForcePlatformType windows' ) +app_update ${SRCDS_APPID} $( [[ -z ${SRCDS_BETAID} ]] || printf %s \"-beta ${SRCDS_BETAID}\" ) $( [[ -z ${SRCDS_BETAPASS} ]] || printf %s \"-betapassword ${SRCDS_BETAPASS}\" ) ${INSTALL_FLAGS} validate +quit ## other flags may be needed depending on install. looking at you cs 1.6\r\n\r\n## set up 32 bit libraries\r\nmkdir -p \/mnt\/server\/.steam\/sdk32\r\ncp -v linux32\/steamclient.so ..\/.steam\/sdk32\/steamclient.so\r\n\r\n## set up 64 bit libraries\r\nmkdir -p \/mnt\/server\/.steam\/sdk64\r\ncp -v linux64\/steamclient.so ..\/.steam\/sdk64\/steamclient.so",
            "container": "ghcr.io\/parkervcp\/installers:debian",
            "entrypoint": "bash"
        }
    },
    "variables": [
        {
            "name": "Server Name",
            "description": "Name that appears in server browser.",
            "env_variable": "SERVER_NAME",
            "default_value": "My Server",
            "user_viewable": true,
            "user_editable": true,
            "rules": "required|string|max:60",
            "sort": null,
            "field_type": "text"
        },
        {
            "name": "Server Password",
            "description": "Server password.",
            "env_variable": "PASSWORD",
            "default_value": "secret",
            "user_viewable": true,
            "user_editable": true,
            "rules": "required|string|min:5|max:20",
            "sort": null,
            "field_type": "text"
        },
        {
            "name": "World Name",
            "description": "Name to load if switching between multiple saved worlds.",
            "env_variable": "WORLD",
            "default_value": "Dedicated",
            "user_viewable": true,
            "user_editable": true,
            "rules": "required|string|max:20",
            "sort": null,
            "field_type": "text"
        },
        {
            "name": "Public Server",
            "description": "Public visibility of your server. Set it to false to make the server invisible and only joinable via the 'Join IP'-button.",
            "env_variable": "PUBLIC_SERVER",
            "default_value": "1",
            "user_viewable": true,
            "user_editable": true,
            "rules": "boolean",
            "sort": null,
            "field_type": "text"
        },
        {
            "name": "App ID",
            "description": "Valheim steam app id for auto updates.",
            "env_variable": "SRCDS_APPID",
            "default_value": "896660",
            "user_viewable": true,
            "user_editable": false,
            "rules": "nullable|numeric",
            "sort": null,
            "field_type": "text"
        },
        {
            "name": "LD Library Path",
            "description": "Required to load server libraries.",
            "env_variable": "LD_LIBRARY_PATH",
            "default_value": ".\/linux64",
            "user_viewable": false,
            "user_editable": false,
            "rules": "required|string",
            "sort": null,
            "field_type": "text"
        },
        {
            "name": "Shutdown Command",
            "description": "Commands to trigger a server shutdown.",
            "env_variable": "STOP",
            "default_value": "kill -2 $!; wait;",
            "user_viewable": false,
            "user_editable": false,
            "rules": "required|string",
            "sort": null,
            "field_type": "text"
        },
        {
            "name": "Auto Update",
            "description": "Enable automatic updates.",
            "env_variable": "AUTO_UPDATE",
            "default_value": "1",
            "user_viewable": true,
            "user_editable": true,
            "rules": "required|boolean",
            "sort": null,
            "field_type": "text"
        },
        {
            "name": "Enable Crossplay",
            "description": "Enable crossplay support.",
            "env_variable": "ENABLE_CROSSPLAY",
            "default_value": "1",
            "user_viewable": true,
            "user_editable": true,
            "rules": "required|boolean",
            "sort": null,
            "field_type": "text"
        },
        {
            "name": "Backup Interval",
            "description": "Change how often the world will save in seconds. Default: 1800 (30 minutes).",
            "env_variable": "BACKUP_INTERVAL",
            "default_value": "1800",
            "user_viewable": true,
            "user_editable": true,
            "rules": "required|numeric|min:0",
            "sort": null,
            "field_type": "text"
        },
        {
            "name": "Backup Count",
            "description": "Sets how many automatic backups will be kept. The first is the 'short' backup length, and the rest are the 'long' backup length. When default values are used means one backup that is 2 hours old, and 3 backups that are 12 hours apart. Default: 4.",
            "env_variable": "BACKUP_COUNT",
            "default_value": "4",
            "user_viewable": true,
            "user_editable": true,
            "rules": "required|numeric|min:0",
            "sort": null,
            "field_type": "text"
        },
        {
            "name": "Backup Shorttime",
            "description": "Sets the interval between the first automatic backups in seconds. Default: 7200 (2 hours).",
            "env_variable": "BACKUP_SHORTTIME",
            "default_value": "7200",
            "user_viewable": true,
            "user_editable": true,
            "rules": "required|numeric|min:0",
            "sort": null,
            "field_type": "text"
        },
        {
            "name": "Backup Longtime",
            "description": "Sets the interval between the subsequent automatic backups in seconds. Default: 43200 (12 hours).",
            "env_variable": "BACKUP_LONGTIME",
            "default_value": "43200",
            "user_viewable": true,
            "user_editable": true,
            "rules": "required|numeric|min:0",
            "sort": null,
            "field_type": "text"
        },
        {
            "name": "Beta Branch",
            "description": "Beta branch of a steam app. Leave blank to install normal branch.",
            "env_variable": "SRCDS_BETAID",
            "default_value": "",
            "user_viewable": true,
            "user_editable": true,
            "rules": "max:30",
            "sort": null,
            "field_type": "text"
        },
        {
            "name": "Beta Password",
            "description": "Password for a beta branch should one be required during private or closed testing phases. Leave blank for no password.",
            "env_variable": "SRCDS_BETAPASS",
            "default_value": "",
            "user_viewable": true,
            "user_editable": true,
            "rules": "max:30",
            "sort": null,
            "field_type": "text"
        },
        {
            "name": "Console Filter",
            "description": "Remove unwanted outputs from the console.",
            "env_variable": "CONSOLE_FILTER",
            "default_value": "\/^\\(Filename:.*Line:[[:space:]]+[[:digit:]]+\\)$\/d; \/^([[:space:]]+)?$\/d",
            "user_viewable": false,
            "user_editable": false,
            "rules": "string",
            "sort": null,
            "field_type": "text"
        }
    ]
}